index_code,name
886107,2025年报预增
886106,2025三季报预增
886089,回购增持再贷款概念
886087,房屋检测
886082,同花顺果指数
886061,长安汽车概念
886018,高压氧舱
886017,Web3.0
886016,供销社
885991,新型城镇化
885985,毛发医疗
885975,电子身份证
885972,金属回收
885968,托育服务
885964,俄乌冲突概念
885963,智慧灯杆
885952,幽门螺杆菌概念
885924,共同富裕示范区
885907,科创次新股
885905,注册制次新股
885893,国家大基金持股
885861,ETC
885860,中船系
885856,仿制药一致性评价
885854,垃圾分类
885852,青蒿素
885851,烟草
885849,黑龙江自贸区
885835,参股银行
885811,玉米
885810,大豆
885797,百度概念
885694,深股通
885690,PPP概念
885663,证金持股
885623,参股保险
885620,参股券商
885520,沪股通
885472,上海自贸区
885338,融资融券
886021,国企改革
885970,金属锌
885971,
885969,
