doc_id,filename,ext,rel_path,date,chars,norm_title,dup_of,status,priority_themes
D0001,0816计算器股.docx,.docx,2020\0816计算器股.docx,,0,,,EXTRACT_ERR:BadZipFile,
D0002,08.防守反击系列1：埋伏箱体涨停.pdf,.pdf,2020\2020周六专栏\一、模式研究\低吸\08.防守反击系列1：埋伏箱体涨停.pdf,2020-08-29,11099,防守反击系列1：埋伏箱体涨停,,OK,强势股模式
D0003,34.如何狙击情绪逆转地天板.pdf,.pdf,2020\2020周六专栏\一、模式研究\低吸\34.如何狙击情绪逆转地天板.pdf,2020-12-12,5032,如何狙击情绪逆转地天板,,OK,情绪周期|强势股模式
D0004,87.大长腿空中加油后的一个低吸玩法.pdf,.pdf,2020\2020周六专栏\一、模式研究\低吸\87.大长腿空中加油后的一个低吸玩法.pdf,2021-08-21,4896,大长腿空中加油后的一个低吸玩法,,OK,强势股模式
D0005,07.如何把握市场错杀票的机会.pdf,.pdf,2020\2020周六专栏\一、模式研究\其他\07.如何把握市场错杀票的机会.pdf,2020-08-22,4427,如何把握市场错杀票的机会,,OK,
D0006,46.妖股形成过程中的极品补涨机会.pdf,.pdf,2020\2020周六专栏\一、模式研究\其他\46.妖股形成过程中的极品补涨机会.pdf,2021-01-23,3468,妖股形成过程中的极品补涨机会,,OK,
D0007,48.出现妖股后的空间板怎么玩.pdf,.pdf,2020\2020周六专栏\一、模式研究\其他\48.出现妖股后的空间板怎么玩.pdf,2021-01-30,3883,出现妖股后的空间板怎么玩,,OK,
D0008,49.什么样的“抗跌”才有意义.pdf,.pdf,2020\2020周六专栏\一、模式研究\其他\49.什么样的“抗跌”才有意义.pdf,2021-02-06,5200,什么样的“抗跌”才有意义,,OK,
D0009,58.两种常见的教科书式卖点.pdf,.pdf,2020\2020周六专栏\一、模式研究\其他\58.两种常见的教科书式卖点.pdf,2021-03-27,5307,两种常见的教科书式卖点,,OK,
D0010,59.出现超级龙头之后的接力思路.pdf,.pdf,2020\2020周六专栏\一、模式研究\其他\59.出现超级龙头之后的接力思路.pdf,2021-04-03,7620,出现超级龙头之后的接力思路,,OK,情绪周期|强势股模式
D0011,63.如何判断个股的涨幅上限？.pdf,.pdf,2020\2020周六专栏\一、模式研究\其他\63.如何判断个股的涨幅上限？.pdf,2021-04-24,7294,如何判断个股的涨幅上限？,,OK,
D0012,75.龙头特停后的交易性机会.pdf,.pdf,2020\2020周六专栏\一、模式研究\其他\75.龙头特停后的交易性机会.pdf,2021-06-26,6578,龙头特停后的交易性机会,,OK,强势股模式
D0013,79.预期情绪转折，该如何操作？.pdf,.pdf,2020\2020周六专栏\一、模式研究\其他\79.预期情绪转折，该如何操作？.pdf,2021-07-17,7030,预期情绪转折，该如何操作？,,OK,情绪周期
D0014,76.如何判断反核交易是否值得做？.pdf,.pdf,2020\2020周六专栏\一、模式研究\反核\76.如何判断反核交易是否值得做？.pdf,2021-07-03,4345,如何判断反核交易是否值得做？,,OK,
D0015,84.讲讲宋庄路的反核低吸.pdf,.pdf,2020\2020周六专栏\一、模式研究\反核\84.讲讲宋庄路的反核低吸.pdf,2021-08-07,5420,讲讲宋庄路的反核低吸,,OK,强势股模式
D0016,21.如何在集合竞价选到日内龙头债.pdf,.pdf,2020\2020周六专栏\一、模式研究\可转债\21.如何在集合竞价选到日内龙头债.pdf,2020-10-24,5733,如何在集合竞价选到日内龙头债,,OK,强势股模式
D0017,86.如何利用可转债参与主线板块.pdf,.pdf,2020\2020周六专栏\一、模式研究\可转债\86.如何利用可转债参与主线板块.pdf,2021-08-21,4396,如何利用可转债参与主线板块,,OK,
D0018,13.趋势转折系列1：避开上升转势大回撤.pdf,.pdf,2020\2020周六专栏\一、模式研究\指数相关\13.趋势转折系列1：避开上升转势大回撤.pdf,2020-09-12,5143,趋势转折系列1：避开上升转势大回撤,,OK,强势股模式|仓位风控
D0019,26.如何应对指数长阴次日的行情？.pdf,.pdf,2020\2020周六专栏\一、模式研究\指数相关\26.如何应对指数长阴次日的行情？.pdf,2020-11-07,4773,如何应对指数长阴次日的行情？,,OK,
D0020,28.指数单日长阳后的防守玩法.pdf,.pdf,2020\2020周六专栏\一、模式研究\指数相关\28.指数单日长阳后的防守玩法.pdf,2020-11-14,5033,指数单日长阳后的防守玩法,,OK,
D0021,52.如何格局波段之指数择时.pdf,.pdf,2020\2020周六专栏\一、模式研究\指数相关\52.如何格局波段之指数择时.pdf,2021-02-27,5039,如何格局波段之指数择时,,OK,
D0022,56.如何判断大盘暴跌的级别.pdf,.pdf,2020\2020周六专栏\一、模式研究\指数相关\56.如何判断大盘暴跌的级别.pdf,2021-03-20,9447,如何判断大盘暴跌的级别,,OK,
D0023,83.指数暴跌后的参与思路.pdf,.pdf,2020\2020周六专栏\一、模式研究\指数相关\83.指数暴跌后的参与思路.pdf,2021-08-07,6620,指数暴跌后的参与思路,,OK,
D0024,14.注册制后，创业板首板值得玩么？.pdf,.pdf,2020\2020周六专栏\一、模式研究\注册制创业板研究\14.注册制后，创业板首板值得玩么？.pdf,2020-09-19,6502,注册制后，创业板首板值得玩么？,,OK,
D0025,17.创业板大肉首板有哪些共性.pdf,.pdf,2020\2020周六专栏\一、模式研究\注册制创业板研究\17.创业板大肉首板有哪些共性.pdf,2020-09-26,5419,创业板大肉首板有哪些共性,,OK,
D0026,20.创业板一进二的关键点有哪些？.pdf,.pdf,2020\2020周六专栏\一、模式研究\注册制创业板研究\20.创业板一进二的关键点有哪些？.pdf,2020-10-17,6940,创业板一进二的关键点有哪些？,,OK,
D0027,23.关于创业板连板票次日低吸模式的深度研究.pdf,.pdf,2020\2020周六专栏\一、模式研究\注册制创业板研究\23.关于创业板连板票次日低吸模式的深度研究.pdf,2020-10-31,5540,关于创业板连板票次日低吸模式的深度研究,,OK,强势股模式
D0028,24.创业板票箱体玩法.pdf,.pdf,2020\2020周六专栏\一、模式研究\注册制创业板研究\24.创业板票箱体玩法.pdf,2020-10-31,2958,创业板票箱体玩法,,OK,
D0029,71.近期20cm赚钱效应怎么参与？.pdf,.pdf,2020\2020周六专栏\一、模式研究\注册制创业板研究\71.近期20cm赚钱效应怎么参与？.pdf,2021-06-05,4972,近期20cm赚钱效应怎么参与？,,OK,
D0030,78.谈谈近期的20cm低吸.pdf,.pdf,2020\2020周六专栏\一、模式研究\注册制创业板研究\78.谈谈近期的20cm低吸.pdf,2021-07-10,7182,谈谈近期的20cm低吸,,OK,强势股模式
D0031,32.20cm下趋势牛股短线该怎么买.pdf,.pdf,2020\2020周六专栏\一、模式研究\趋势股研究\32.20cm下趋势牛股短线该怎么买.pdf,2020-12-05,5878,20cm下趋势牛股短线该怎么买,,OK,强势股模式
D0032,35.如何做好趋势票高抛低吸.pdf,.pdf,2020\2020周六专栏\一、模式研究\趋势股研究\35.如何做好趋势票高抛低吸.pdf,2020-12-12,6022,如何做好趋势票高抛低吸,,OK,强势股模式
D0033,36.强趋势投机如何回避潜在巨亏.pdf,.pdf,2020\2020周六专栏\一、模式研究\趋势股研究\36.强趋势投机如何回避潜在巨亏.pdf,2020-12-19,4676,强趋势投机如何回避潜在巨亏,,OK,强势股模式
D0034,38.如何系统地找到趋势票.pdf,.pdf,2020\2020周六专栏\一、模式研究\趋势股研究\38.如何系统地找到趋势票.pdf,2020-12-26,7306,如何系统地找到趋势票,,OK,强势股模式
D0035,39.如何有效率地参与长趋势票.pdf,.pdf,2020\2020周六专栏\一、模式研究\趋势股研究\39.如何有效率地参与长趋势票.pdf,2021-01-01,5416,如何有效率地参与长趋势票,,OK,强势股模式
D0036,47.如何能格局一个小波段.pdf,.pdf,2020\2020周六专栏\一、模式研究\趋势股研究\47.如何能格局一个小波段.pdf,2021-01-30,6876,如何能格局一个小波段,,OK,强势股模式
D0037,54.谈谈如何选趋势中军票.pdf,.pdf,2020\2020周六专栏\一、模式研究\趋势股研究\54.谈谈如何选趋势中军票.pdf,2021-03-13,4689,谈谈如何选趋势中军票,,OK,强势股模式
D0038,64.如何在长逻辑波段票中做短线.pdf,.pdf,2020\2020周六专栏\一、模式研究\趋势股研究\64.如何在长逻辑波段票中做短线.pdf,2021-05-01,5635,如何在长逻辑波段票中做短线,,OK,强势股模式
D0039,70.一个在初期发现潜在主流板块的思路.pdf,.pdf,2020\2020周六专栏\一、模式研究\趋势股研究\70.一个在初期发现潜在主流板块的思路.pdf,2021-06-05,6447,一个在初期发现潜在主流板块的思路,,OK,强势股模式
D0040,77.长逻辑趋势票具体要怎么低吸？.pdf,.pdf,2020\2020周六专栏\一、模式研究\趋势股研究\77.长逻辑趋势票具体要怎么低吸？.pdf,2021-07-03,4585,长逻辑趋势票具体要怎么低吸？,,OK,强势股模式
D0041,82.如何赚一个小波段的钱.pdf,.pdf,2020\2020周六专栏\一、模式研究\趋势股研究\82.如何赚一个小波段的钱.pdf,2021-07-31,9299,如何赚一个小波段的钱,,OK,强势股模式
D0042,30.如何找到高质量的共振板块.pdf,.pdf,2020\2020周六专栏\三、题材节奏\30.如何找到高质量的共振板块.pdf,2020-11-21,5342,如何找到高质量的共振板块,,OK,情绪周期|启动标准
D0043,40.板块高潮前的最佳介入时间.pdf,.pdf,2020\2020周六专栏\三、题材节奏\40.板块高潮前的最佳介入时间.pdf,2021-01-01,5025,板块高潮前的最佳介入时间,,OK,情绪周期
D0044,41.轮动行情中，板块启动前的信号.pdf,.pdf,2020\2020周六专栏\三、题材节奏\41.轮动行情中，板块启动前的信号.pdf,2021-01-09,5940,轮动行情中，板块启动前的信号,,OK,情绪周期|启动标准
D0045,44.题材高低切，轮动题材如何选？.pdf,.pdf,2020\2020周六专栏\三、题材节奏\44.题材高低切，轮动题材如何选？.pdf,2021-01-16,3321,题材高低切，轮动题材如何选？,,OK,情绪周期
D0046,45.板块调整期，活口票怎么玩？.pdf,.pdf,2020\2020周六专栏\三、题材节奏\45.板块调整期，活口票怎么玩？.pdf,2021-01-23,7392,板块调整期，活口票怎么玩？,,OK,情绪周期
D0047,60.如何把握龙头切换机会.pdf,.pdf,2020\2020周六专栏\三、题材节奏\60.如何把握龙头切换机会.pdf,2021-04-10,5854,如何把握龙头切换机会,,OK,情绪周期|强势股模式
D0048,62.如何玩题材高低切.pdf,.pdf,2020\2020周六专栏\三、题材节奏\62.如何玩题材高低切.pdf,2021-04-17,8323,如何玩题材高低切,,OK,情绪周期
D0049,66.题材低维轮动，怎么玩更好？.pdf,.pdf,2020\2020周六专栏\三、题材节奏\66.题材低维轮动，怎么玩更好？.pdf,2021-05-15,8273,题材低维轮动，怎么玩更好？,,OK,情绪周期
D0050,72.如何做板块内的高低切.pdf,.pdf,2020\2020周六专栏\三、题材节奏\72.如何做板块内的高低切.pdf,2021-06-12,8480,如何做板块内的高低切,,OK,情绪周期
D0051,73.题材高潮后分歧，会如何走，该怎么做？.pdf,.pdf,2020\2020周六专栏\三、题材节奏\73.题材高潮后分歧，会如何走，该怎么做？.pdf,2021-06-19,4558,题材高潮后分歧，会如何走，该怎么做？,,OK,情绪周期
D0052,19.复盘中报业绩炒作中的几类机会.pdf,.pdf,2020\2020周六专栏\二、基本面投机\业绩模式\19.复盘中报业绩炒作中的几类机会.pdf,2020-10-10,5199,复盘中报业绩炒作中的几类机会,,OK,
D0053,10.新股定价博弈之3种主流模式介绍.pdf,.pdf,2020\2020周六专栏\二、基本面投机\新股研究\10.新股定价博弈之3种主流模式介绍.pdf,2020-09-05,8280,新股定价博弈之3种主流模式介绍,,OK,
D0054,11.新股定价博弈之如何给新股算估值.pdf,.pdf,2020\2020周六专栏\二、基本面投机\新股研究\11.新股定价博弈之如何给新股算估值.pdf,2020-09-05,10369,新股定价博弈之如何给新股算估值,,OK,
D0055,12.新股定价博弈之最新的几个例子串讲.pdf,.pdf,2020\2020周六专栏\二、基本面投机\新股研究\12.新股定价博弈之最新的几个例子串讲.pdf,2020-09-12,7093,新股定价博弈之最新的几个例子串讲,,OK,
D0056,43.如何狙击新股第六天的大阳线.pdf,.pdf,2020\2020周六专栏\二、基本面投机\新股研究\43.如何狙击新股第六天的大阳线.pdf,2021-01-16,3678,如何狙击新股第六天的大阳线,,OK,
D0057,55.如何判断新股情绪周期低点？.pdf,.pdf,2020\2020周六专栏\二、基本面投机\新股研究\55.如何判断新股情绪周期低点？.pdf,2021-03-13,4185,如何判断新股情绪周期低点？,,OK,情绪周期
D0058,61.新股博弈之估值修复行情.pdf,.pdf,2020\2020周六专栏\二、基本面投机\新股研究\61.新股博弈之估值修复行情.pdf,2021-04-10,4618,新股博弈之估值修复行情,,OK,
D0059,74.带热点题材的新股如何参与？.pdf,.pdf,2020\2020周六专栏\二、基本面投机\新股研究\74.带热点题材的新股如何参与？.pdf,2021-06-19,4710,带热点题材的新股如何参与？,,OK,
D0060,新股定价博弈之高景气龙头的进阶估值方法.pdf,.pdf,2020\2020周六专栏\二、基本面投机\新股研究\新股定价博弈之高景气龙头的进阶估值方法.pdf,2020-11-28,7561,新股定价博弈之高景气龙头的进阶估值方法,,OK,强势股模式
D0061,02.如何判断一只股票有机构买入.pdf,.pdf,2020\2020周六专栏\二、基本面投机\机构系列\02.如何判断一只股票有机构买入.pdf,2020-08-08,7717,如何判断一只股票有机构买入,,OK,
D0062,05.如何算出一只票会出机构榜.pdf,.pdf,2020\2020周六专栏\二、基本面投机\机构系列\05.如何算出一只票会出机构榜.pdf,2020-08-15,4886,如何算出一只票会出机构榜,,OK,
D0063,09.关于机构玩法买点的后续思考.pdf,.pdf,2020\2020周六专栏\二、基本面投机\机构系列\09.关于机构玩法买点的后续思考.pdf,2020-08-29,5869,关于机构玩法买点的后续思考,,OK,
D0064,22.最近正在流行的机构玩法.pdf,.pdf,2020\2020周六专栏\二、基本面投机\机构系列\22.最近正在流行的机构玩法.pdf,2020-10-24,4107,最近正在流行的机构玩法,,OK,
D0065,03.玩计算器票的基本框架.pdf,.pdf,2020\2020周六专栏\二、基本面投机\趋势板块研究\03.玩计算器票的基本框架.pdf,2020-08-15,15258,玩计算器票的基本框架,,OK,强势股模式
D0066,06.大行情的中途调整和结束应该如何区分.pdf,.pdf,2020\2020周六专栏\二、基本面投机\趋势板块研究\06.大行情的中途调整和结束应该如何区分.pdf,2020-08-22,7526,大行情的中途调整和结束应该如何区分,,OK,强势股模式
D0067,15.主流板块独立新逻辑怎么玩.pdf,.pdf,2020\2020周六专栏\二、基本面投机\趋势板块研究\15.主流板块独立新逻辑怎么玩.pdf,2020-09-19,7903,主流板块独立新逻辑怎么玩,,OK,强势股模式
D0068,25.主流题材中小龙头轮动玩法.pdf,.pdf,2020\2020周六专栏\二、基本面投机\趋势板块研究\25.主流题材中小龙头轮动玩法.pdf,2020-11-07,6257,主流题材中小龙头轮动玩法,,OK,强势股模式
D0069,42.连续踏空主流板块后的补救思路.pdf,.pdf,2020\2020周六专栏\二、基本面投机\趋势板块研究\42.连续踏空主流板块后的补救思路.pdf,2021-01-09,4611,连续踏空主流板块后的补救思路,,OK,强势股模式
D0070,79.如何参与主流板块补涨分支炒作.pdf,.pdf,2020\2020周六专栏\二、基本面投机\趋势板块研究\79.如何参与主流板块补涨分支炒作.pdf,2021-07-24,4739,如何参与主流板块补涨分支炒作,,OK,强势股模式
D0071,18.如何用涨跌家数判断情绪冰点及应对策略.pdf,.pdf,2020\2020周六专栏\五、实用指标\18.如何用涨跌家数判断情绪冰点及应对策略.pdf,2020-10-10,7652,如何用涨跌家数判断情绪冰点及应对策略,,OK,情绪周期|实用指标
D0072,27.一个判断主线持续性的指标.pdf,.pdf,2020\2020周六专栏\五、实用指标\27.一个判断主线持续性的指标.pdf,2020-11-14,5209,一个判断主线持续性的指标,,OK,实用指标
D0073,29.一个判断题材要见顶分歧的指标.pdf,.pdf,2020\2020周六专栏\五、实用指标\29.一个判断题材要见顶分歧的指标.pdf,2020-11-21,6509,一个判断题材要见顶分歧的指标,,OK,实用指标
D0074,68.几个判断情绪强弱的实用工具.pdf,.pdf,2020\2020周六专栏\五、实用指标\68.几个判断情绪强弱的实用工具.pdf,2021-05-22,4686,几个判断情绪强弱的实用工具,,OK,情绪周期|实用指标
D0075,01.介绍一下这两年我的主要交易模式.pdf,.pdf,2020\2020周六专栏\六、交易思路\01.介绍一下这两年我的主要交易模式.pdf,2020-08-08,18058,介绍一下这两年我的主要交易模式,,OK,
D0076,04.分析一个短线票最基础的四个问题.pdf,.pdf,2020\2020周六专栏\六、交易思路\04.分析一个短线票最基础的四个问题.pdf,2020-08-15,7200,分析一个短线票最基础的四个问题,,OK,
D0077,33.交易中概率、赔率与仓位的关系.pdf,.pdf,2020\2020周六专栏\六、交易思路\33.交易中概率、赔率与仓位的关系.pdf,2020-12-05,6865,交易中概率、赔率与仓位的关系,,OK,仓位风控
D0078,50.买点不是点，而是区间.pdf,.pdf,2020\2020周六专栏\六、交易思路\50.买点不是点，而是区间.pdf,2021-02-06,4369,买点不是点，而是区间,,OK,
D0079,51.谈一谈交易性格.pdf,.pdf,2020\2020周六专栏\六、交易思路\51.谈一谈交易性格.pdf,2021-02-27,9590,谈一谈交易性格,,OK,
D0080,53.谈一谈交易中的性价比？.pdf,.pdf,2020\2020周六专栏\六、交易思路\53.谈一谈交易中的性价比？.pdf,2021-03-06,6762,谈一谈交易中的性价比？,,OK,
D0081,65.一个简易版的交易系统.pdf,.pdf,2020\2020周六专栏\六、交易思路\65.一个简易版的交易系统.pdf,2021-05-08,8101,一个简易版的交易系统,,OK,
D0082,80.谈谈交易模式的优先级.pdf,.pdf,2020\2020周六专栏\六、交易思路\80.谈谈交易模式的优先级.pdf,2021-07-24,5901,谈谈交易模式的优先级,,OK,
D0083,85.系统性讲讲预期.pdf,.pdf,2020\2020周六专栏\六、交易思路\85.系统性讲讲预期.pdf,2021-08-14,9477,系统性讲讲预期,,OK,
D0084,16.创业板涨停板炒作全程复盘.pdf,.pdf,2020\2020周六专栏\四、行情复盘\16.创业板涨停板炒作全程复盘.pdf,2020-09-26,7828,创业板涨停板炒作全程复盘,,OK,
D0085,57.碳中和炒作全复盘.pdf,.pdf,2020\2020周六专栏\四、行情复盘\57.碳中和炒作全复盘.pdf,2021-03-27,9385,碳中和炒作全复盘,,OK,
D0086,67.医美板块炒作复盘.pdf,.pdf,2020\2020周六专栏\四、行情复盘\67.医美板块炒作复盘.pdf,2021-05-22,6622,医美板块炒作复盘,,OK,
D0087,69.近期市场赚钱效应的模式解析.pdf,.pdf,2020\2020周六专栏\四、行情复盘\69.近期市场赚钱效应的模式解析.pdf,2021-05-29,7258,近期市场赚钱效应的模式解析,,OK,
D0088,0926周末课：同板块内的选股思路.pdf,.pdf,2022\0926周末课：同板块内的选股思路.pdf,,6724,0926周末课：同板块内的选股思路,,OK,
D0089,03.交易系统的框架介绍（2017-08-19）.pdf,.pdf,2022\1个人交易系统的建立\03.交易系统的框架介绍（2017-08-19）.pdf,2017-08-19,10569,交易系统的框架介绍,,OK,
D0090,04.仓位设计的要点以及一种攻守兼备的仓位策略（2017-10-21）.pdf,.pdf,2022\1个人交易系统的建立\04.仓位设计的要点以及一种攻守兼备的仓位策略（2017-10-21）.pdf,2017-10-21,13293,仓位设计的要点以及一种攻守兼备的仓位策略,,OK,仓位风控
D0091,05.如何在结构性行情中抓住主线行情的仓位设计方法（ 2018-01-06）.pdf,.pdf,2022\1个人交易系统的建立\05.如何在结构性行情中抓住主线行情的仓位设计方法（ 2018-01-06）.pdf,2018-01-06,5501,如何在结构性行情中抓住主线行情的仓位设计方法,,OK,仓位风控
D0092,06.怎么系统性复盘（2017-12-23）.pdf,.pdf,2022\1个人交易系统的建立\06.怎么系统性复盘（2017-12-23）.pdf,2017-12-23,6773,怎么系统性复盘,,OK,
D0093,08.如何在大反弹行情里做交易计划（激进与保底的配置）（2018-03-10）.pdf,.pdf,2022\1个人交易系统的建立\08.如何在大反弹行情里做交易计划（激进与保底的配置）（2018-03-10）.pdf,2018-03-10,5323,如何在大反弹行情里做交易计划（激进与保底的配置）,,OK,
D0094,01.如何卖在分时高点(2017-09-02).pdf,.pdf,2022\2盘口细节：分时最高点和分时最低点的辨别\01.如何卖在分时高点(2017-09-02).pdf,2017-09-02,6981,如何卖在分时高点,,OK,
D0095,02.如何判断分时低点(2017.9.9).pdf,.pdf,2022\2盘口细节：分时最高点和分时最低点的辨别\02.如何判断分时低点(2017.9.9).pdf,2017-09-09,5494,如何判断分时低点,,OK,
D0096,01.新王登基次日接力模式（2019-03-30）.pdf,.pdf,2022\3龙头股博弈之最高板的投机玩法\01.新王登基次日接力模式（2019-03-30）.pdf,2019-03-30,23246,新王登基次日接力模式,,OK,情绪周期|强势股模式
D0097,03.如何提前抓到下一个空间票（2019-04-27）.pdf,.pdf,2022\3龙头股博弈之最高板的投机玩法\03.如何提前抓到下一个空间票（2019-04-27）.pdf,2019-04-27,11013,如何提前抓到下一个空间票,,OK,强势股模式
D0098,07.非牛市新王在4连板及以下的情况(2019-09-28).pdf,.pdf,2022\3龙头股博弈之最高板的投机玩法\07.非牛市新王在4连板及以下的情况(2019-09-28).pdf,2019-09-28,2981,非牛市新王在4连板及以下的情况,,OK,强势股模式
D0099,01.一天15个点的低吸怎么做（2018-01-20）.pdf,.pdf,2022\4龙头股博弈之大长腿投机\01.一天15个点的低吸怎么做（2018-01-20）.pdf,2018-01-20,6386,一天15个点的低吸怎么做,,OK,强势股模式
D0100,02.三板后的低吸（2018-06-02）.pdf,.pdf,2022\4龙头股博弈之大长腿投机\02.三板后的低吸（2018-06-02）.pdf,2018-06-02,4319,三板后的低吸,,OK,强势股模式
D0101,03.狙击大长腿模式总框架（2019-05-18）.pdf,.pdf,2022\4龙头股博弈之大长腿投机\03.狙击大长腿模式总框架（2019-05-18）.pdf,2019-05-18,11842,狙击大长腿模式总框架,,OK,强势股模式
D0102,04.狙击龙头股的第一根大长腿模式（2019-04-05）.pdf,.pdf,2022\4龙头股博弈之大长腿投机\04.狙击龙头股的第一根大长腿模式（2019-04-05）.pdf,2019-04-05,9506,狙击龙头股的第一根大长腿模式,,OK,强势股模式
D0103,05.狙击主线题材内的人气股大长腿（2019-06-15）.pdf,.pdf,2022\4龙头股博弈之大长腿投机\05.狙击主线题材内的人气股大长腿（2019-06-15）.pdf,2019-06-15,9096,狙击主线题材内的人气股大长腿,,OK,强势股模式
D0104,06.大长腿系列之连板后低开6个点以下（2019-08-17）.pdf,.pdf,2022\4龙头股博弈之大长腿投机\06.大长腿系列之连板后低开6个点以下（2019-08-17）.pdf,2019-08-17,6146,大长腿系列之连板后低开6个点以下,,OK,强势股模式
D0105,07.首次长腿板次日的长腿低吸（2019-05-26）.pdf,.pdf,2022\4龙头股博弈之大长腿投机\07.首次长腿板次日的长腿低吸（2019-05-26）.pdf,2019-05-26,5571,首次长腿板次日的长腿低吸,,OK,强势股模式
D0106,08.长腿系列之被动跟随杀跌（2019-11-02）.pdf,.pdf,2022\4龙头股博弈之大长腿投机\08.长腿系列之被动跟随杀跌（2019-11-02）.pdf,2019-11-02,2373,长腿系列之被动跟随杀跌,,OK,强势股模式
D0107,01.启动涨停潮次日的交易机会（2018-04-28）.pdf,.pdf,2022\5情绪周期之如何把握题材节奏\01.启动涨停潮次日的交易机会（2018-04-28）.pdf,2018-04-28,2206,启动涨停潮次日的交易机会,,OK,情绪周期|启动标准
D0108,03.启动涨就涨停潮的题材怎么玩（2018-11-10）.pdf,.pdf,2022\5情绪周期之如何把握题材节奏\03.启动涨就涨停潮的题材怎么玩（2018-11-10）.pdf,2018-11-10,5367,启动涨就涨停潮的题材怎么玩,,OK,情绪周期|启动标准
D0109,04.如何在涨停潮次日辨别题材持续性（2019-04-13）.pdf,.pdf,2022\5情绪周期之如何把握题材节奏\04.如何在涨停潮次日辨别题材持续性（2019-04-13）.pdf,2019-04-13,25094,如何在涨停潮次日辨别题材持续性,,OK,情绪周期|实用指标
D0110,05.小题材炒作过程中的详细机会（2019-06-07）.pdf,.pdf,2022\5情绪周期之如何把握题材节奏\05.小题材炒作过程中的详细机会（2019-06-07）.pdf,2019-06-07,7229,小题材炒作过程中的详细机会,,OK,情绪周期
D0111,06.淘汰赛之分离确认点机会（2019-07-13）.pdf,.pdf,2022\5情绪周期之如何把握题材节奏\06.淘汰赛之分离确认点机会（2019-07-13）.pdf,2019-07-13,6464,淘汰赛之分离确认点机会,,OK,情绪周期
D0112,07.如何找到高质量的共振板块（2020-11-21）.pdf,.pdf,2022\5情绪周期之如何把握题材节奏\07.如何找到高质量的共振板块（2020-11-21）.pdf,2020-11-21,4836,如何找到高质量的共振板块,D0042,DUP,情绪周期|启动标准
D0113,08.板块高潮前的最佳介入时间（2021-01-01）.pdf,.pdf,2022\5情绪周期之如何把握题材节奏\08.板块高潮前的最佳介入时间（2021-01-01）.pdf,2021-01-01,4345,板块高潮前的最佳介入时间,D0043,DUP,情绪周期
D0114,09.轮动行情中，板块启动前的信号（2021-01-09）.pdf,.pdf,2022\5情绪周期之如何把握题材节奏\09.轮动行情中，板块启动前的信号（2021-01-09）.pdf,2021-01-09,5689,轮动行情中，板块启动前的信号,,OK,情绪周期|启动标准
D0115,10.题材高低切，轮动题材如何选？（2021-01-16）.pdf,.pdf,2022\5情绪周期之如何把握题材节奏\10.题材高低切，轮动题材如何选？（2021-01-16）.pdf,2021-01-16,2573,题材高低切，轮动题材如何选？,D0045,DUP,情绪周期
D0116,复盘哥周末系统视频课第11-12节：狙击强趋势股_.pdf,.pdf,2022\复盘哥周末系统视频课第11-12节：狙击强趋势股_.pdf,,7742,复盘哥周末系统视频课第11-12节：狙击强趋势股_,,OK,强势股模式
D0117,复盘哥周末系统视频课第五节：超预期买点_.pdf,.pdf,2022\复盘哥周末系统视频课第五节：超预期买点_.pdf,,4841,复盘哥周末系统视频课第五节：超预期买点_,,OK,
D0118,复盘哥周末系统视频课：第一节：如何看盘，如何理解模式内买点（文字纪要）_watermark.pdf,.pdf,2022\复盘哥周末系统视频课：第一节：如何看盘，如何理解模式内买点（文字纪要）_watermark.pdf,,4754,复盘哥周末系统视频课：第一节：如何看盘，如何理解模式内买点（文字纪要）,,OK,
D0119,复盘哥周末系统课第九节：基于情绪周期接力的龙头接力.pdf,.pdf,2022\复盘哥周末系统课第九节：基于情绪周期接力的龙头接力.pdf,,2694,复盘哥周末系统课第九节：基于情绪周期接力的龙头接力,,OK,情绪周期|强势股模式
D0120,复盘哥周末系统课第八节：基于情绪周期接力的板块梳理.pdf,.pdf,2022\复盘哥周末系统课第八节：基于情绪周期接力的板块梳理.pdf,,4683,复盘哥周末系统课第八节：基于情绪周期接力的板块梳理,,OK,情绪周期
D0121,复盘哥周末系统课第六节：基于板块加强的300龙头套利票挖掘模式.pdf,.pdf,2022\复盘哥周末系统课第六节：基于板块加强的300龙头套利票挖掘模式.pdf,,1242,复盘哥周末系统课第六节：基于板块加强的300龙头套利票挖掘模式,,OK,强势股模式
D0122,复盘哥周末视频课第七节：基于情绪周期的接力选择.pdf,.pdf,2022\复盘哥周末视频课第七节：基于情绪周期的接力选择.pdf,,2848,复盘哥周末视频课第七节：基于情绪周期的接力选择,,OK,情绪周期
D0123,复盘哥周末视频课第三节：交易收益的预期建立与股票买卖_watermark.pdf,.pdf,2022\复盘哥周末视频课第三节：交易收益的预期建立与股票买卖_watermark.pdf,,7169,复盘哥周末视频课第三节：交易收益的预期建立与股票买卖,,OK,
D0124,复盘哥周末视频课：第二节：板块的阶段与交易模式.pdf,.pdf,2022\复盘哥周末视频课：第二节：板块的阶段与交易模式.pdf,,7699,复盘哥周末视频课：第二节：板块的阶段与交易模式,,OK,
D0125,复盘哥周末视频课：第四节：大主线题材的发现定性参与_.pdf,.pdf,2022\复盘哥周末视频课：第四节：大主线题材的发现定性参与_.pdf,,2385,复盘哥周末视频课：第四节：大主线题材的发现定性参与_,,OK,
D0126,看盘界面设置.docx,.docx,2022\看盘界面设置.docx,,2075,看盘界面设置,,OK,
D0127,第十三节：强趋势股的买卖点_95031_wm.pdf,.pdf,2022\第十三节：强趋势股的买卖点_95031_wm.pdf,,5002,第十三节：强趋势股的买卖点,,OK,强势股模式
D0128,集合竞价界面.docx,.docx,2022\集合竞价界面.docx,,294,集合竞价界面,,OK,
D0129,20230305：从账户管理的角度，月度收益20%，10%，5%如何可持续的实现（以20%为重点）.docx,.docx,20230305：从账户管理的角度，月度收益20%，10%，5%如何可持续的实现（以20%为重点）.docx,2023-03-05,6461,20230305：从账户管理的角度，月度收益20%，10%，5%如何可持续的实现（以20%为重点）,,OK,仓位风控
D0130,20260512+启动（衔接）加强.docx,.docx,20260512+启动（衔接）加强.docx,2026-05-12,4076,20260512+启动（衔接）加强,,OK,启动标准
D0131,T+1制度论文.pdf,.pdf,T+1制度论文.pdf,2020-08-00,22825,T+1制度论文,,OK,
D0132,Trading_and_Exchanges_Market_Micro.pdf,.pdf,Trading_and_Exchanges_Market_Micro.pdf,,2104125,Trading_and_Exchanges_Market_Micro,,OK,
D0133,为什么你短线预判总是错的.docx,.docx,为什么你短线预判总是错的.docx,,3826,为什么你短线预判总是错的,,OK,
D0134,主升期，龙头聚焦式交易模式探讨.docx,.docx,主升期，龙头聚焦式交易模式探讨.docx,2025-12-00,2321,主升期，龙头聚焦式交易模式探讨,,OK,强势股模式
D0135,风报比高的买点.docx,.docx,交易记录\2018\风报比高的买点.docx,,467,风报比高的买点,,OK,仓位风控
D0136,三位一体教程.pdf,.pdf,交易记录\三位一体教程.pdf,,4933,三位一体教程,,OK,
D0137,看懂龙头股_2017-09-16_【周六专栏】看盘软件界面设置与如何看盘.pdf,.pdf,周六专栏18-19\2018专栏（整理）\一、看盘界面设置\看懂龙头股_2017-09-16_【周六专栏】看盘软件界面设置与如何看盘.pdf,2017-09-16,6130,看懂龙头股_2017-09-16_【周六专栏】看盘软件界面设置与如何看盘,,OK,强势股模式
D0138,看懂龙头股_2018-07-07_周六专栏：一屏电脑如何有效率的设置看盘软件.pdf,.pdf,周六专栏18-19\2018专栏（整理）\一、看盘界面设置\看懂龙头股_2018-07-07_周六专栏：一屏电脑如何有效率的设置看盘软件.pdf,2018-07-07,3481,看懂龙头股_2018-07-07_周六专栏：一屏电脑如何有效率的设置看盘软件,,OK,强势股模式
D0139,看懂龙头股_2018-09-22_周六专栏：缩量，平量，放量2板的不同含义.pdf,.pdf,周六专栏18-19\2018专栏（整理）\七、盘口细节\1）关于成交量\看懂龙头股_2018-09-22_周六专栏：缩量，平量，放量2板的不同含义.pdf,2018-09-22,4027,看懂龙头股_2018-09-22_周六专栏：缩量，平量，放量2板的不同含义,,OK,强势股模式
D0140,看懂龙头股_2017-09-09_【周六专栏】如何判断分时低点.pdf,.pdf,周六专栏18-19\2018专栏（整理）\七、盘口细节\2）判断分时高低点\看懂龙头股_2017-09-09_【周六专栏】如何判断分时低点.pdf,2017-09-09,5778,看懂龙头股_2017-09-09_【周六专栏】如何判断分时低点,,OK,强势股模式
D0141,看懂龙头股_2018-05-12_周六专栏：两种经典的二板分时.pdf,.pdf,周六专栏18-19\2018专栏（整理）\七、盘口细节\3）经典趋势\看懂龙头股_2018-05-12_周六专栏：两种经典的二板分时.pdf,2018-05-12,6517,看懂龙头股_2018-05-12_周六专栏：两种经典的二板分时,,OK,强势股模式
D0142,看懂龙头股_2018-05-19_周六专栏：代表性龙头高位涨停分歧的几种分时.pdf,.pdf,周六专栏18-19\2018专栏（整理）\七、盘口细节\3）经典趋势\看懂龙头股_2018-05-19_周六专栏：代表性龙头高位涨停分歧的几种分时.pdf,2018-05-19,4626,看懂龙头股_2018-05-19_周六专栏：代表性龙头高位涨停分歧的几种分时,,OK,强势股模式
D0143,看懂龙头股_2017-12-23_周六专栏：怎么系统性复盘.pdf,.pdf,周六专栏18-19\2018专栏（整理）\三、复盘和计划\看懂龙头股_2017-12-23_周六专栏：怎么系统性复盘.pdf,2017-12-23,7241,看懂龙头股_2017-12-23_周六专栏：怎么系统性复盘,,OK,强势股模式
D0144,看懂龙头股_2018-03-10_周六专栏：如何在大反弹行情里做交易计划（激进与保底的配置）.pdf,.pdf,周六专栏18-19\2018专栏（整理）\三、复盘和计划\看懂龙头股_2018-03-10_周六专栏：如何在大反弹行情里做交易计划（激进与保底的配置）.pdf,2018-03-10,5914,看懂龙头股_2018-03-10_周六专栏：如何在大反弹行情里做交易计划（激进与保底的配置）,,OK,强势股模式
D0145,看懂龙头股_2018-12-01_周六专栏：怎么复盘并做好第二天的计划.pdf,.pdf,周六专栏18-19\2018专栏（整理）\三、复盘和计划\看懂龙头股_2018-12-01_周六专栏：怎么复盘并做好第二天的计划.pdf,2018-12-01,6031,看懂龙头股_2018-12-01_周六专栏：怎么复盘并做好第二天的计划,,OK,强势股模式
D0146,如何判断题材持续性.pdf,.pdf,周六专栏18-19\2018专栏（整理）\九、其他\如何判断题材持续性.pdf,2017-09-23,8747,如何判断题材持续性,,OK,实用指标
D0147,强弱趋势的操作策略.pdf,.pdf,周六专栏18-19\2018专栏（整理）\九、其他\强弱趋势的操作策略.pdf,2018-02-10,5009,强弱趋势的操作策略,,OK,强势股模式
D0148,我所理解的道与术.pdf,.pdf,周六专栏18-19\2018专栏（整理）\九、其他\我所理解的道与术.pdf,2018-00-00,5438,我所理解的道与术,,OK,
D0149,：即将出现大阴线的那些征兆.pdf,.pdf,周六专栏18-19\2018专栏（整理）\九、其他\：即将出现大阴线的那些征兆.pdf,2018-08-18,6930,：即将出现大阴线的那些征兆,,OK,
D0150,看懂龙头股_2017-11-25_周六专栏：如何操纵指数.pdf,.pdf,周六专栏18-19\2018专栏（整理）\二、基础知识\看懂龙头股_2017-11-25_周六专栏：如何操纵指数.pdf,2017-11-25,3135,看懂龙头股_2017-11-25_周六专栏：如何操纵指数,,OK,强势股模式
D0151,看懂龙头股_2017-10-21_周六专栏：仓位设计的要点以及一种攻守兼备的仓位策略.pdf,.pdf,周六专栏18-19\2018专栏（整理）\五、仓位设计\看懂龙头股_2017-10-21_周六专栏：仓位设计的要点以及一种攻守兼备的仓位策略.pdf,2017-10-21,13787,看懂龙头股_2017-10-21_周六专栏：仓位设计的要点以及一种攻守兼备的仓位策略,,OK,强势股模式|仓位风控
D0152,看懂龙头股_2018-01-06_周六专栏：如何在结构性行情中抓住主线行情的仓位设计方法.pdf,.pdf,周六专栏18-19\2018专栏（整理）\五、仓位设计\看懂龙头股_2018-01-06_周六专栏：如何在结构性行情中抓住主线行情的仓位设计方法.pdf,2018-01-06,5998,看懂龙头股_2018-01-06_周六专栏：如何在结构性行情中抓住主线行情的仓位设计方法,,OK,强势股模式|仓位风控
D0153,看懂龙头股_2018-01-27_周六专栏：什么是分歧和一致.pdf,.pdf,周六专栏18-19\2018专栏（整理）\八、关于情绪周期\看懂龙头股_2018-01-27_周六专栏：什么是分歧和一致.pdf,2018-01-27,7478,看懂龙头股_2018-01-27_周六专栏：什么是分歧和一致,,OK,情绪周期|强势股模式
D0154,看懂龙头股_2018-03-17_周六专栏：从不同级别看情绪板.pdf,.pdf,周六专栏18-19\2018专栏（整理）\八、关于情绪周期\看懂龙头股_2018-03-17_周六专栏：从不同级别看情绪板.pdf,2018-03-17,3263,看懂龙头股_2018-03-17_周六专栏：从不同级别看情绪板,,OK,情绪周期|强势股模式
D0155,看懂龙头股_2018-04-28_周六专栏：超级龙头股会出现在什么样的市场氛围里.pdf,.pdf,周六专栏18-19\2018专栏（整理）\八、关于情绪周期\看懂龙头股_2018-04-28_周六专栏：超级龙头股会出现在什么样的市场氛围里.pdf,2018-04-28,2762,看懂龙头股_2018-04-28_周六专栏：超级龙头股会出现在什么样的市场氛围里,,OK,情绪周期|强势股模式
D0156,看懂龙头股_2018-08-11_周六专栏：题材的几种不同启动形式.pdf,.pdf,周六专栏18-19\2018专栏（整理）\八、关于情绪周期\看懂龙头股_2018-08-11_周六专栏：题材的几种不同启动形式.pdf,2018-08-11,5244,看懂龙头股_2018-08-11_周六专栏：题材的几种不同启动形式,,OK,情绪周期|启动标准|强势股模式
D0157,看懂龙头股_2018-09-15_周六专栏：借势板，顺势板造势板.pdf,.pdf,周六专栏18-19\2018专栏（整理）\八、关于情绪周期\看懂龙头股_2018-09-15_周六专栏：借势板，顺势板造势板.pdf,2018-09-15,4085,看懂龙头股_2018-09-15_周六专栏：借势板，顺势板造势板,,OK,情绪周期|强势股模式
D0158,看懂龙头股_2018-11-17_周六专栏：什么是高低切换.pdf,.pdf,周六专栏18-19\2018专栏（整理）\八、关于情绪周期\看懂龙头股_2018-11-17_周六专栏：什么是高低切换.pdf,2018-11-17,3783,看懂龙头股_2018-11-17_周六专栏：什么是高低切换,,OK,情绪周期|强势股模式
D0159,2017-10-01_(更新)周六专栏：如何参与事件驱动的题材的首板.pdf,.pdf,周六专栏18-19\2018专栏（整理）\六、具体参与方式\1）打板\2017-10-01_(更新)周六专栏：如何参与事件驱动的题材的首板.pdf,2017-10-01,2633,2017-10-01_(更新)周六专栏：如何参与事件驱动的题材的首板,,OK,
D0160,2017-10-14_如何参与二板.pdf,.pdf,周六专栏18-19\2018专栏（整理）\六、具体参与方式\1）打板\2017-10-14_如何参与二板.pdf,2017-10-14,6995,2017-10-14_如何参与二板,,OK,
D0161,2018-03-31_周六专栏：打首板需要考虑哪些东西.pdf,.pdf,周六专栏18-19\2018专栏（整理）\六、具体参与方式\1）打板\2018-03-31_周六专栏：打首板需要考虑哪些东西.pdf,2018-03-31,6512,2018-03-31_周六专栏：打首板需要考虑哪些东西,,OK,
D0162,2018-12-15_周六专栏：尾盘涨停板的地位与机会分析.pdf,.pdf,周六专栏18-19\2018专栏（整理）\六、具体参与方式\1）打板\2018-12-15_周六专栏：尾盘涨停板的地位与机会分析.pdf,2018-12-15,3815,2018-12-15_周六专栏：尾盘涨停板的地位与机会分析,,OK,
D0163,2017-10-28_周六专栏：双头反包战法与龙头股的五个买点.pdf,.pdf,周六专栏18-19\2018专栏（整理）\六、具体参与方式\2）低吸\2017-10-28_周六专栏：双头反包战法与龙头股的五个买点.pdf,2017-10-28,10801,2017-10-28_周六专栏：双头反包战法与龙头股的五个买点,,OK,强势股模式
D0164,2018-01-20_周六专栏：一天15个点的低吸怎么做.pdf,.pdf,周六专栏18-19\2018专栏（整理）\六、具体参与方式\2）低吸\2018-01-20_周六专栏：一天15个点的低吸怎么做.pdf,2018-01-20,6942,2018-01-20_周六专栏：一天15个点的低吸怎么做,,OK,强势股模式
D0165,2018-03-24_周六专栏：讲讲龙回头怎么做.pdf,.pdf,周六专栏18-19\2018专栏（整理）\六、具体参与方式\2）低吸\2018-03-24_周六专栏：讲讲龙回头怎么做.pdf,2018-03-24,5267,2018-03-24_周六专栏：讲讲龙回头怎么做,,OK,强势股模式
D0166,2018-04-28_周六专栏：启动涨停潮次日的交易机会.pdf,.pdf,周六专栏18-19\2018专栏（整理）\六、具体参与方式\2）低吸\2018-04-28_周六专栏：启动涨停潮次日的交易机会.pdf,2018-04-28,2928,2018-04-28_周六专栏：启动涨停潮次日的交易机会,,OK,情绪周期|启动标准|强势股模式
D0167,2018-05-26_周六专栏：妖股生命周期中的3次反包机会.pdf,.pdf,周六专栏18-19\2018专栏（整理）\六、具体参与方式\2）低吸\2018-05-26_周六专栏：妖股生命周期中的3次反包机会.pdf,2018-05-26,4242,2018-05-26_周六专栏：妖股生命周期中的3次反包机会,,OK,强势股模式
D0168,2018-06-02_周六专栏：三板后的低吸（大长腿系列第二篇）.pdf,.pdf,周六专栏18-19\2018专栏（整理）\六、具体参与方式\2）低吸\2018-06-02_周六专栏：三板后的低吸（大长腿系列第二篇）.pdf,2018-06-02,5437,2018-06-02_周六专栏：三板后的低吸（大长腿系列第二篇）,,OK,强势股模式
D0169,2018-06-16_周六专栏：介绍两种胜率比较高的低吸.pdf,.pdf,周六专栏18-19\2018专栏（整理）\六、具体参与方式\2）低吸\2018-06-16_周六专栏：介绍两种胜率比较高的低吸.pdf,2018-06-16,5168,2018-06-16_周六专栏：介绍两种胜率比较高的低吸,,OK,强势股模式
D0170,2018-09-08_周六专栏：介绍一种时效性很高的低吸.pdf,.pdf,周六专栏18-19\2018专栏（整理）\六、具体参与方式\2）低吸\2018-09-08_周六专栏：介绍一种时效性很高的低吸.pdf,2018-09-08,4398,2018-09-08_周六专栏：介绍一种时效性很高的低吸,,OK,强势股模式
D0171,2018-10-13_周六专栏：龙头高位首次反包后可做和不可做低吸的分时.pdf,.pdf,周六专栏18-19\2018专栏（整理）\六、具体参与方式\2）低吸\2018-10-13_周六专栏：龙头高位首次反包后可做和不可做低吸的分时.pdf,2018-10-13,4006,2018-10-13_周六专栏：龙头高位首次反包后可做和不可做低吸的分时,,OK,强势股模式
D0172,2018-11-10_周六专栏：启动涨就涨停潮的题材怎么玩.pdf,.pdf,周六专栏18-19\2018专栏（整理）\六、具体参与方式\2）低吸\2018-11-10_周六专栏：启动涨就涨停潮的题材怎么玩.pdf,2018-11-10,6642,2018-11-10_周六专栏：启动涨就涨停潮的题材怎么玩,,OK,情绪周期|启动标准|强势股模式
D0173,2018-12-08_周六专栏：2或3连板后的几个分时低吸买点.pdf,.pdf,周六专栏18-19\2018专栏（整理）\六、具体参与方式\2）低吸\2018-12-08_周六专栏：2或3连板后的几个分时低吸买点.pdf,2018-12-08,4734,2018-12-08_周六专栏：2或3连板后的几个分时低吸买点,,OK,强势股模式
D0174,看懂龙头股_2017-11-18_周六专栏：一种趋势票中的超短做法.pdf,.pdf,周六专栏18-19\2018专栏（整理）\六、具体参与方式\3）趋势\看懂龙头股_2017-11-18_周六专栏：一种趋势票中的超短做法.pdf,2017-11-18,5314,看懂龙头股_2017-11-18_周六专栏：一种趋势票中的超短做法,,OK,强势股模式
D0175,看懂龙头股_2017-12-02_周六专栏：二次探底形态的机会买点.pdf,.pdf,周六专栏18-19\2018专栏（整理）\六、具体参与方式\3）趋势\看懂龙头股_2017-12-02_周六专栏：二次探底形态的机会买点.pdf,2017-12-02,4224,看懂龙头股_2017-12-02_周六专栏：二次探底形态的机会买点,,OK,强势股模式
D0176,看懂龙头股_2017-12-09_周六专栏：趋势票的首阴战法.pdf,.pdf,周六专栏18-19\2018专栏（整理）\六、具体参与方式\3）趋势\看懂龙头股_2017-12-09_周六专栏：趋势票的首阴战法.pdf,2017-12-09,5627,看懂龙头股_2017-12-09_周六专栏：趋势票的首阴战法,,OK,强势股模式
D0177,看懂龙头股_2017-12-30_周六专栏：首阳突破后怎么做低吸.pdf,.pdf,周六专栏18-19\2018专栏（整理）\六、具体参与方式\3）趋势\看懂龙头股_2017-12-30_周六专栏：首阳突破后怎么做低吸.pdf,2017-12-30,2998,看懂龙头股_2017-12-30_周六专栏：首阳突破后怎么做低吸,,OK,强势股模式
D0178,看懂龙头股_2018-04-21_周六专栏：趋势龙头的几种玩法.pdf,.pdf,周六专栏18-19\2018专栏（整理）\六、具体参与方式\3）趋势\看懂龙头股_2018-04-21_周六专栏：趋势龙头的几种玩法.pdf,2018-04-21,5328,看懂龙头股_2018-04-21_周六专栏：趋势龙头的几种玩法,,OK,强势股模式
D0179,看懂龙头股_2018-09-01_周六专栏：当下趋势突破票模式变种.pdf,.pdf,周六专栏18-19\2018专栏（整理）\六、具体参与方式\3）趋势\看懂龙头股_2018-09-01_周六专栏：当下趋势突破票模式变种.pdf,2018-09-01,4112,看懂龙头股_2018-09-01_周六专栏：当下趋势突破票模式变种,,OK,强势股模式
D0180,看懂龙头股_2018-03-03_周六专栏：遇到指数高低开怎么操作.pdf,.pdf,周六专栏18-19\2018专栏（整理）\六、具体参与方式\4）基础指数操作\看懂龙头股_2018-03-03_周六专栏：遇到指数高低开怎么操作.pdf,2018-03-03,7741,看懂龙头股_2018-03-03_周六专栏：遇到指数高低开怎么操作,,OK,强势股模式
D0181,看懂龙头股_2018-06-23_周六专栏：暴跌之后的超短寻龙思路.pdf,.pdf,周六专栏18-19\2018专栏（整理）\六、具体参与方式\4）基础指数操作\看懂龙头股_2018-06-23_周六专栏：暴跌之后的超短寻龙思路.pdf,2018-06-23,8253,看懂龙头股_2018-06-23_周六专栏：暴跌之后的超短寻龙思路,,OK,强势股模式
D0182,看懂龙头股_2018-06-30_周六专栏：如何判断指数阶段性回调见底了.pdf,.pdf,周六专栏18-19\2018专栏（整理）\六、具体参与方式\4）基础指数操作\看懂龙头股_2018-06-30_周六专栏：如何判断指数阶段性回调见底了.pdf,2018-06-30,6128,看懂龙头股_2018-06-30_周六专栏：如何判断指数阶段性回调见底了,,OK,强势股模式
D0183,看懂龙头股_2018-07-21_周六专栏：长阳当日怎么参与.pdf,.pdf,周六专栏18-19\2018专栏（整理）\六、具体参与方式\4）基础指数操作\看懂龙头股_2018-07-21_周六专栏：长阳当日怎么参与.pdf,2018-07-21,9281,看懂龙头股_2018-07-21_周六专栏：长阳当日怎么参与,,OK,强势股模式
D0184,看懂龙头股_2018-08-25_周六专栏：指数受盘外影响大跳空后的几种常见走势.pdf,.pdf,周六专栏18-19\2018专栏（整理）\六、具体参与方式\4）基础指数操作\看懂龙头股_2018-08-25_周六专栏：指数受盘外影响大跳空后的几种常见走势.pdf,2018-08-25,4561,看懂龙头股_2018-08-25_周六专栏：指数受盘外影响大跳空后的几种常见走势,,OK,强势股模式
D0185,发酵次日怎么上车.pdf,.pdf,周六专栏18-19\2018专栏（整理）\六、具体参与方式\5）其他\发酵次日怎么上车.pdf,2018-07-28,5525,发酵次日怎么上车,,OK,
D0186,复牌股投机.pdf,.pdf,周六专栏18-19\2018专栏（整理）\六、具体参与方式\5）其他\复牌股投机.pdf,2017-12-16,3776,复牌股投机,,OK,
D0187,怎么玩空间板.pdf,.pdf,周六专栏18-19\2018专栏（整理）\六、具体参与方式\5）其他\怎么玩空间板.pdf,2018-04-07,4819,怎么玩空间板,,OK,
D0188,最强龙头股的上车.pdf,.pdf,周六专栏18-19\2018专栏（整理）\六、具体参与方式\5）其他\最强龙头股的上车.pdf,2018-11-03,3224,最强龙头股的上车,,OK,强势股模式
D0189,要约收购事件如何参与.pdf,.pdf,周六专栏18-19\2018专栏（整理）\六、具体参与方式\5）其他\要约收购事件如何参与.pdf,2018-04-14,5229,要约收购事件如何参与,,OK,
D0190,龙头三进四与跟风的互助机会.pdf,.pdf,周六专栏18-19\2018专栏（整理）\六、具体参与方式\5）其他\龙头三进四与跟风的互助机会.pdf,2018-12-22,3914,龙头三进四与跟风的互助机会,,OK,强势股模式
D0191,二板一字之后怎么走.pdf,.pdf,周六专栏18-19\2018专栏（整理）\六、具体参与方式\6）卖票\二板一字之后怎么走.pdf,2018-10-20,1947,二板一字之后怎么走,,OK,
D0192,到底要不要熬票熬到什么程度？.pdf,.pdf,周六专栏18-19\2018专栏（整理）\六、具体参与方式\6）卖票\到底要不要熬票熬到什么程度？.pdf,2018-08-04,8606,到底要不要熬票熬到什么程度？,,OK,
D0193,炸板潮之后的交易策略.pdf,.pdf,周六专栏18-19\2018专栏（整理）\六、具体参与方式\6）卖票\炸板潮之后的交易策略.pdf,2018-02-03,8092,炸板潮之后的交易策略,,OK,
D0194,聊聊集合竞价卖股票.pdf,.pdf,周六专栏18-19\2018专栏（整理）\六、具体参与方式\6）卖票\聊聊集合竞价卖股票.pdf,2018-10-27,5620,聊聊集合竞价卖股票,,OK,
D0195,超级阴线炸板次日的处理方式.pdf,.pdf,周六专栏18-19\2018专栏（整理）\六、具体参与方式\6）卖票\超级阴线炸板次日的处理方式.pdf,2018-07-07,5009,超级阴线炸板次日的处理方式,,OK,
D0196,龙头巨量烂板次日如何处理.pdf,.pdf,周六专栏18-19\2018专栏（整理）\六、具体参与方式\6）卖票\龙头巨量烂板次日如何处理.pdf,2017-11-11,6496,龙头巨量烂板次日如何处理,,OK,强势股模式
D0197,龙头股大长阴之后怎么办（爱做反包的好好看看）.pdf,.pdf,周六专栏18-19\2018专栏（整理）\六、具体参与方式\6）卖票\龙头股大长阴之后怎么办（爱做反包的好好看看）.pdf,2018-06-09,6422,龙头股大长阴之后怎么办（爱做反包的好好看看）,,OK,强势股模式
D0198,看懂龙头股_2018-01-13_周六专栏：大亏之后如何修复心态与交易.pdf,.pdf,周六专栏18-19\2018专栏（整理）\十、关于心态修复\看懂龙头股_2018-01-13_周六专栏：大亏之后如何修复心态与交易.pdf,2018-01-13,8098,看懂龙头股_2018-01-13_周六专栏：大亏之后如何修复心态与交易,,OK,强势股模式
D0199,看懂龙头股_2017-08-19_【周六专栏】交易系统的框架介绍.pdf,.pdf,周六专栏18-19\2018专栏（整理）\四、交易系统框架\看懂龙头股_2017-08-19_【周六专栏】交易系统的框架介绍.pdf,2017-08-19,10670,看懂龙头股_2017-08-19_【周六专栏】交易系统的框架介绍,,OK,强势股模式
D0200,看懂龙头股_2018-05-26_周六专栏：蜡烛图系列锤子线和上吊线.pdf,.pdf,周六专栏18-19\2018专栏（整理）\蜡烛图系列\看懂龙头股_2018-05-26_周六专栏：蜡烛图系列锤子线和上吊线.pdf,2018-05-26,3995,看懂龙头股_2018-05-26_周六专栏：蜡烛图系列锤子线和上吊线,,OK,强势股模式
D0201,看懂龙头股_2018-06-02_周六专栏：蜡烛图系列之吞没形态.pdf,.pdf,周六专栏18-19\2018专栏（整理）\蜡烛图系列\看懂龙头股_2018-06-02_周六专栏：蜡烛图系列之吞没形态.pdf,2018-06-02,3003,看懂龙头股_2018-06-02_周六专栏：蜡烛图系列之吞没形态,,OK,强势股模式
D0202,看懂龙头股_2018-06-30_周六专栏：蜡烛图系列之刺透形态和乌云盖顶.pdf,.pdf,周六专栏18-19\2018专栏（整理）\蜡烛图系列\看懂龙头股_2018-06-30_周六专栏：蜡烛图系列之刺透形态和乌云盖顶.pdf,2018-06-30,3559,看懂龙头股_2018-06-30_周六专栏：蜡烛图系列之刺透形态和乌云盖顶,,OK,强势股模式
D0203,看懂龙头股_2018-08-11_周六专栏：蜡烛图系列之启明星和黄昏星.pdf,.pdf,周六专栏18-19\2018专栏（整理）\蜡烛图系列\看懂龙头股_2018-08-11_周六专栏：蜡烛图系列之启明星和黄昏星.pdf,2018-08-11,1369,看懂龙头股_2018-08-11_周六专栏：蜡烛图系列之启明星和黄昏星,,OK,强势股模式
D0204,看懂龙头股_2018-08-18_周六专栏：蜡烛图系列之流星形态与倒锤子形态.pdf,.pdf,周六专栏18-19\2018专栏（整理）\蜡烛图系列\看懂龙头股_2018-08-18_周六专栏：蜡烛图系列之流星形态与倒锤子形态.pdf,2018-08-18,1431,看懂龙头股_2018-08-18_周六专栏：蜡烛图系列之流星形态与倒锤子形态,,OK,强势股模式
D0205,看懂龙头股_2018-08-25_周六专栏：蜡烛图系列之（十字）孕线形态.pdf,.pdf,周六专栏18-19\2018专栏（整理）\蜡烛图系列\看懂龙头股_2018-08-25_周六专栏：蜡烛图系列之（十字）孕线形态.pdf,2018-08-25,1082,看懂龙头股_2018-08-25_周六专栏：蜡烛图系列之（十字）孕线形态,,OK,强势股模式
D0206,看懂龙头股_2018-09-01_周六专栏：蜡烛图系列之平头顶底部形态.pdf,.pdf,周六专栏18-19\2018专栏（整理）\蜡烛图系列\看懂龙头股_2018-09-01_周六专栏：蜡烛图系列之平头顶底部形态.pdf,2018-09-01,1689,看懂龙头股_2018-09-01_周六专栏：蜡烛图系列之平头顶底部形态,,OK,强势股模式
D0207,看懂龙头股_2018-09-15_周六专栏：蜡烛图系列之向上跳空两只乌鸦.pdf,.pdf,周六专栏18-19\2018专栏（整理）\蜡烛图系列\看懂龙头股_2018-09-15_周六专栏：蜡烛图系列之向上跳空两只乌鸦.pdf,2018-09-15,1472,看懂龙头股_2018-09-15_周六专栏：蜡烛图系列之向上跳空两只乌鸦,,OK,强势股模式
D0208,看懂龙头股_2018-09-22_周六专栏：蜡烛图系列之反击线形态.pdf,.pdf,周六专栏18-19\2018专栏（整理）\蜡烛图系列\看懂龙头股_2018-09-22_周六专栏：蜡烛图系列之反击线形态.pdf,2018-09-22,980,看懂龙头股_2018-09-22_周六专栏：蜡烛图系列之反击线形态,,OK,强势股模式
D0209,看懂龙头股_2018-10-13_周六专栏：蜡烛图系列之三山形态和三川形态.pdf,.pdf,周六专栏18-19\2018专栏（整理）\蜡烛图系列\看懂龙头股_2018-10-13_周六专栏：蜡烛图系列之三山形态和三川形态.pdf,2018-10-13,1317,看懂龙头股_2018-10-13_周六专栏：蜡烛图系列之三山形态和三川形态,,OK,强势股模式
D0210,看懂龙头股_2018-10-20_周六专栏：圆形顶底部和塔型顶底部.pdf,.pdf,周六专栏18-19\2018专栏（整理）\蜡烛图系列\看懂龙头股_2018-10-20_周六专栏：圆形顶底部和塔型顶底部.pdf,2018-10-20,1223,看懂龙头股_2018-10-20_周六专栏：圆形顶底部和塔型顶底部,,OK,强势股模式
D0211,看懂龙头股_2018-10-27_周六专栏：蜡烛图系列之窗口.pdf,.pdf,周六专栏18-19\2018专栏（整理）\蜡烛图系列\看懂龙头股_2018-10-27_周六专栏：蜡烛图系列之窗口.pdf,2018-10-27,1326,看懂龙头股_2018-10-27_周六专栏：蜡烛图系列之窗口,,OK,强势股模式
D0212,看懂龙头股_2018-11-03_周六专栏：蜡烛图系列之向上和向下跳空并列阴阳线.pdf,.pdf,周六专栏18-19\2018专栏（整理）\蜡烛图系列\看懂龙头股_2018-11-03_周六专栏：蜡烛图系列之向上和向下跳空并列阴阳线.pdf,2018-11-03,927,看懂龙头股_2018-11-03_周六专栏：蜡烛图系列之向上和向下跳空并列阴阳线,,OK,强势股模式
D0213,看懂龙头股_2018-11-10_周六专栏：蜡烛图系列之高价位和低价位跳空突破形态.pdf,.pdf,周六专栏18-19\2018专栏（整理）\蜡烛图系列\看懂龙头股_2018-11-10_周六专栏：蜡烛图系列之高价位和低价位跳空突破形态.pdf,2018-11-10,987,看懂龙头股_2018-11-10_周六专栏：蜡烛图系列之高价位和低价位跳空突破形态,,OK,强势股模式
D0214,看懂龙头股_2018-11-17_周六专栏：蜡烛图系列之跳空并列白色蜡烛线.pdf,.pdf,周六专栏18-19\2018专栏（整理）\蜡烛图系列\看懂龙头股_2018-11-17_周六专栏：蜡烛图系列之跳空并列白色蜡烛线.pdf,2018-11-17,991,看懂龙头股_2018-11-17_周六专栏：蜡烛图系列之跳空并列白色蜡烛线,,OK,强势股模式
D0215,看懂龙头股_2018-11-24_周六专栏：蜡烛图系列之上升三法和下降三法.pdf,.pdf,周六专栏18-19\2018专栏（整理）\蜡烛图系列\看懂龙头股_2018-11-24_周六专栏：蜡烛图系列之上升三法和下降三法.pdf,2018-11-24,1072,看懂龙头股_2018-11-24_周六专栏：蜡烛图系列之上升三法和下降三法,,OK,强势股模式
D0216,看懂龙头股_2018-12-01_周六专栏：蜡烛图系列之前进白色三兵.pdf,.pdf,周六专栏18-19\2018专栏（整理）\蜡烛图系列\看懂龙头股_2018-12-01_周六专栏：蜡烛图系列之前进白色三兵.pdf,2018-12-01,1394,看懂龙头股_2018-12-01_周六专栏：蜡烛图系列之前进白色三兵,,OK,强势股模式
D0217,看懂龙头股_2018-12-08_周六专栏：蜡烛图系列之分手蜡烛线.pdf,.pdf,周六专栏18-19\2018专栏（整理）\蜡烛图系列\看懂龙头股_2018-12-08_周六专栏：蜡烛图系列之分手蜡烛线.pdf,2018-12-08,892,看懂龙头股_2018-12-08_周六专栏：蜡烛图系列之分手蜡烛线,,OK,强势股模式
D0218,看懂龙头股_2018-12-15_周六专栏：蜡烛图系列之市场顶部的十字线.pdf,.pdf,周六专栏18-19\2018专栏（整理）\蜡烛图系列\看懂龙头股_2018-12-15_周六专栏：蜡烛图系列之市场顶部的十字线.pdf,2018-12-15,1622,看懂龙头股_2018-12-15_周六专栏：蜡烛图系列之市场顶部的十字线,,OK,强势股模式
D0219,看懂龙头股_2018-12-22_周六专栏：蜡烛图系列指长腿十字线和黄包车夫.pdf,.pdf,周六专栏18-19\2018专栏（整理）\蜡烛图系列\看懂龙头股_2018-12-22_周六专栏：蜡烛图系列指长腿十字线和黄包车夫.pdf,2018-12-22,1027,看懂龙头股_2018-12-22_周六专栏：蜡烛图系列指长腿十字线和黄包车夫,,OK,强势股模式
D0220,交易变革来了我是怎么看的.pdf,.pdf,周六专栏18-19\2019专栏（整理\一、市场研究\1）关于市场\交易变革来了我是怎么看的.pdf,2020-05-01,10219,交易变革来了我是怎么看的,,OK,
D0221,对于未来三年市场风格变化的探讨.pdf,.pdf,周六专栏18-19\2019专栏（整理\一、市场研究\1）关于市场\对于未来三年市场风格变化的探讨.pdf,2019-11-02,6833,对于未来三年市场风格变化的探讨,,OK,
D0222,对比这波行情和去年三月份的行情.pdf,.pdf,周六专栏18-19\2019专栏（整理\一、市场研究\1）关于市场\对比这波行情和去年三月份的行情.pdf,2020-03-28,7037,对比这波行情和去年三月份的行情,,OK,
D0223,深度复盘一轮小牛市.pdf,.pdf,周六专栏18-19\2019专栏（整理\一、市场研究\1）关于市场\深度复盘一轮小牛市.pdf,2020-02-22,5896,深度复盘一轮小牛市,,OK,
D0224,牛市交易的第一根基.pdf,.pdf,周六专栏18-19\2019专栏（整理\一、市场研究\1）关于市场\牛市交易的第一根基.pdf,2019-03-23,13523,牛市交易的第一根基,,OK,
D0225,、极端行情该如何做交易计划.pdf,.pdf,周六专栏18-19\2019专栏（整理\一、市场研究\2）关于计划\、极端行情该如何做交易计划.pdf,2020-02-08,7709,、极端行情该如何做交易计划,,OK,
D0226,单边行情，后半场如何应对？.pdf,.pdf,周六专栏18-19\2019专栏（整理\一、市场研究\2）关于计划\单边行情，后半场如何应对？.pdf,2020-02-22,5416,单边行情，后半场如何应对？,,OK,
D0227,如何判断赚钱效应回暖.pdf,.pdf,周六专栏18-19\2019专栏（整理\一、市场研究\2）关于计划\如何判断赚钱效应回暖.pdf,2019-07-27,6640,如何判断赚钱效应回暖,,OK,
D0228,如何避开杀空间板的回撤.pdf,.pdf,周六专栏18-19\2019专栏（整理\一、市场研究\3）关于回撤\如何避开杀空间板的回撤.pdf,2019-07-20,8585,如何避开杀空间板的回撤,,OK,仓位风控
D0229,防回撤系列之分歧加速穿越坑.pdf,.pdf,周六专栏18-19\2019专栏（整理\一、市场研究\3）关于回撤\防回撤系列之分歧加速穿越坑.pdf,2019-09-07,9906,防回撤系列之分歧加速穿越坑,,OK,仓位风控
D0230,如何用筹码分布躲避风险.pdf,.pdf,周六专栏18-19\2019专栏（整理\一、市场研究\4）其他\如何用筹码分布躲避风险.pdf,2019-11-23,8125,如何用筹码分布躲避风险,,OK,
D0231,常见错之交易逻辑的出发点.pdf,.pdf,周六专栏18-19\2019专栏（整理\一、市场研究\4）其他\常见错之交易逻辑的出发点.pdf,2019-05-26,10013,常见错之交易逻辑的出发点,,OK,
D0232,看懂龙头股_2019-05-11_周六专栏10：突发利空和预期利空的差别.pdf,.pdf,周六专栏18-19\2019专栏（整理\一、市场研究\4）其他\看懂龙头股_2019-05-11_周六专栏10：突发利空和预期利空的差别.pdf,2019-05-11,7478,看懂龙头股_2019-05-11_周六专栏10：突发利空和预期利空的差别,,OK,强势股模式
D0233,如何科学的控制回撤.pdf,.pdf,周六专栏18-19\2019专栏（整理\一、市场研究\如何科学的控制回撤.pdf,2019-08-17,7000,如何科学的控制回撤,,OK,仓位风控
D0234,如何提前抓到下一个空间票.pdf,.pdf,周六专栏18-19\2019专栏（整理\三、个股研究\1）空间板模式\如何提前抓到下一个空间票.pdf,2019-04-27,11239,如何提前抓到下一个空间票,,OK,
D0235,看懂龙头股_2019-04-20_周六专栏：新空间板哪种能接，哪种不能接.pdf,.pdf,周六专栏18-19\2019专栏（整理\三、个股研究\1）空间板模式\看懂龙头股_2019-04-20_周六专栏：新空间板哪种能接，哪种不能接.pdf,2019-04-20,24929,看懂龙头股_2019-04-20_周六专栏：新空间板哪种能接，哪种不能接,,OK,强势股模式
D0236,看懂龙头股_2019-08-03_周六专栏26：新王当天要明确的三种走势.pdf,.pdf,周六专栏18-19\2019专栏（整理\三、个股研究\1）空间板模式\看懂龙头股_2019-08-03_周六专栏26：新王当天要明确的三种走势.pdf,2019-08-03,12082,看懂龙头股_2019-08-03_周六专栏26：新王当天要明确的三种走势,,OK,强势股模式
D0237,看懂龙头股_2019-09-28_周六专栏36：非牛市新王在4连板及以下的情况.pdf,.pdf,周六专栏18-19\2019专栏（整理\三、个股研究\1）空间板模式\看懂龙头股_2019-09-28_周六专栏36：非牛市新王在4连板及以下的情况.pdf,2019-09-28,3782,看懂龙头股_2019-09-28_周六专栏36：非牛市新王在4连板及以下的情况,,OK,强势股模式
D0238,看懂龙头股_2020-04-11_周六专栏79：新王次日如何避开连续大亏段.pdf,.pdf,周六专栏18-19\2019专栏（整理\三、个股研究\1）空间板模式\看懂龙头股_2020-04-11_周六专栏79：新王次日如何避开连续大亏段.pdf,2020-04-11,4841,看懂龙头股_2020-04-11_周六专栏79：新王次日如何避开连续大亏段,,OK,强势股模式
D0239,识别非空间板核心票的思路.pdf,.pdf,周六专栏18-19\2019专栏（整理\三、个股研究\1）空间板模式\识别非空间板核心票的思路.pdf,2020-04-25,4968,识别非空间板核心票的思路,,OK,
D0240,高位上车最高空间板的一种时机.pdf,.pdf,周六专栏18-19\2019专栏（整理\三、个股研究\1）空间板模式\高位上车最高空间板的一种时机.pdf,2019-06-22,6941,高位上车最高空间板的一种时机,,OK,
D0241,如何判断个股恐慌低点（低吸必备）.pdf,.pdf,周六专栏18-19\2019专栏（整理\三、个股研究\2）高低点判断\如何判断个股恐慌低点（低吸必备）.pdf,2019-08-31,10682,如何判断个股恐慌低点（低吸必备）,,OK,强势股模式
D0242,如何判断恐慌低点之人气票炸板.pdf,.pdf,周六专栏18-19\2019专栏（整理\三、个股研究\2）高低点判断\如何判断恐慌低点之人气票炸板.pdf,2019-09-13,6623,如何判断恐慌低点之人气票炸板,,OK,
D0243,个股跟随指数高开，开盘如何处理.pdf,.pdf,周六专栏18-19\2019专栏（整理\三、个股研究\3）卖点\个股跟随指数高开，开盘如何处理.pdf,2020-03-07,3763,个股跟随指数高开，开盘如何处理,,OK,
D0244,大长腿系列之灵魂票中期分歧上车.pdf,.pdf,周六专栏18-19\2019专栏（整理\三、个股研究\3）卖点\大长腿系列之灵魂票中期分歧上车.pdf,2019-09-21,8905,大长腿系列之灵魂票中期分歧上车,,OK,强势股模式
D0245,日内长U回落第二天怎么卖.pdf,.pdf,周六专栏18-19\2019专栏（整理\三、个股研究\3）卖点\日内长U回落第二天怎么卖.pdf,2020-03-21,4455,日内长U回落第二天怎么卖,,OK,
D0246,连板股大阴棒次日高开怎么卖.pdf,.pdf,周六专栏18-19\2019专栏（整理\三、个股研究\3）卖点\连板股大阴棒次日高开怎么卖.pdf,2019-08-24,7627,连板股大阴棒次日高开怎么卖,,OK,
D0247,连续一字开板竞价被核，要不要格局？.pdf,.pdf,周六专栏18-19\2019专栏（整理\三、个股研究\3）卖点\连续一字开板竞价被核，要不要格局？.pdf,2020-04-25,5039,连续一字开板竞价被核，要不要格局？,,OK,
D0248,高位烂板什么情况下可以格局.pdf,.pdf,周六专栏18-19\2019专栏（整理\三、个股研究\3）卖点\高位烂板什么情况下可以格局.pdf,2020-04-04,5844,高位烂板什么情况下可以格局,,OK,
D0249,：一种被套舍不得割的交易处理办法.pdf,.pdf,周六专栏18-19\2019专栏（整理\三、个股研究\3）卖点\：一种被套舍不得割的交易处理办法.pdf,2020-02-29,6802,：一种被套舍不得割的交易处理办法,,OK,
D0250,关于选股的优先级.pdf,.pdf,周六专栏18-19\2019专栏（整理\三、个股研究\4）选股方法\关于选股的优先级.pdf,2019-12-28,9718,关于选股的优先级,,OK,
D0251,如何用指标选牛股.pdf,.pdf,周六专栏18-19\2019专栏（整理\三、个股研究\4）选股方法\如何用指标选牛股.pdf,2019-12-21,3602,如何用指标选牛股,,OK,实用指标
D0252,二波票怎么参与.pdf,.pdf,周六专栏18-19\2019专栏（整理\三、个股研究\5）特殊个股\二波票怎么参与.pdf,2019-12-14,8023,二波票怎么参与,,OK,
D0253,怎么对待短线板块活口.pdf,.pdf,周六专栏18-19\2019专栏（整理\三、个股研究\5）特殊个股\怎么对待短线板块活口.pdf,2020-03-07,11585,怎么对待短线板块活口,,OK,
D0254,看懂龙头股_2019-05-11_周六专栏11：题材日内卡位板和龙头的走势联系.pdf,.pdf,周六专栏18-19\2019专栏（整理\三、个股研究\5）特殊个股\看懂龙头股_2019-05-11_周六专栏11：题材日内卡位板和龙头的走势联系.pdf,2019-05-11,7409,看懂龙头股_2019-05-11_周六专栏11：题材日内卡位板和龙头的走势联系,,OK,强势股模式
D0255,看懂龙头股_2020-04-11_周六专栏78：如何把握龙头顺势上板的机会.pdf,.pdf,周六专栏18-19\2019专栏（整理\三、个股研究\5）特殊个股\看懂龙头股_2020-04-11_周六专栏78：如何把握龙头顺势上板的机会.pdf,2020-04-11,6232,看懂龙头股_2020-04-11_周六专栏78：如何把握龙头顺势上板的机会,,OK,强势股模式
D0256,看懂龙头股_2020-04-18_周六专栏81：大题材补涨新龙怎么玩.pdf,.pdf,周六专栏18-19\2019专栏（整理\三、个股研究\5）特殊个股\看懂龙头股_2020-04-18_周六专栏81：大题材补涨新龙怎么玩.pdf,2020-04-18,3721,看懂龙头股_2020-04-18_周六专栏81：大题材补涨新龙怎么玩,,OK,强势股模式
D0257,超级穿越妖是怎么走出来的.pdf,.pdf,周六专栏18-19\2019专栏（整理\三、个股研究\5）特殊个股\超级穿越妖是怎么走出来的.pdf,2020-03-14,6919,超级穿越妖是怎么走出来的,,OK,
D0258,看懂龙头股_2019-03-23_周六专栏：发酵日错过龙头怎么上车.pdf,.pdf,周六专栏18-19\2019专栏（整理\二、板块研究\1）关于涨停潮\看懂龙头股_2019-03-23_周六专栏：发酵日错过龙头怎么上车.pdf,2019-03-23,7394,看懂龙头股_2019-03-23_周六专栏：发酵日错过龙头怎么上车,,OK,情绪周期|强势股模式
D0259,看懂龙头股_2019-06-07_周六专栏17：小题材炒作过程中的详细机会.pdf,.pdf,周六专栏18-19\2019专栏（整理\二、板块研究\1）关于涨停潮\看懂龙头股_2019-06-07_周六专栏17：小题材炒作过程中的详细机会.pdf,2019-06-07,7662,看懂龙头股_2019-06-07_周六专栏17：小题材炒作过程中的详细机会,,OK,情绪周期|强势股模式
D0260,看懂龙头股_2019-07-27_周六专栏24：科创板基于情绪周期的初步复盘.pdf,.pdf,周六专栏18-19\2019专栏（整理\二、板块研究\2）关于板块\看懂龙头股_2019-07-27_周六专栏24：科创板基于情绪周期的初步复盘.pdf,2019-07-27,7340,看懂龙头股_2019-07-27_周六专栏24：科创板基于情绪周期的初步复盘,,OK,情绪周期|强势股模式
D0261,看懂龙头股_2019-12-28_专栏：滞涨是怎么回事？.pdf,.pdf,周六专栏18-19\2019专栏（整理\二、板块研究\2）关于板块\看懂龙头股_2019-12-28_专栏：滞涨是怎么回事？.pdf,2019-12-28,4843,看懂龙头股_2019-12-28_专栏：滞涨是怎么回事？,,OK,强势股模式
D0262,看懂龙头股_2020-01-18_周六专栏58：券商行情该怎么玩.pdf,.pdf,周六专栏18-19\2019专栏（整理\二、板块研究\2）关于板块\看懂龙头股_2020-01-18_周六专栏58：券商行情该怎么玩.pdf,2020-01-18,8490,看懂龙头股_2020-01-18_周六专栏58：券商行情该怎么玩,,OK,强势股模式
D0263,看懂龙头股_2019-07-06_周六专栏21：淘汰赛之有种龙头不能接力.pdf,.pdf,周六专栏18-19\2019专栏（整理\二、板块研究\3）关于淘汰赛\看懂龙头股_2019-07-06_周六专栏21：淘汰赛之有种龙头不能接力.pdf,2019-07-06,5699,看懂龙头股_2019-07-06_周六专栏21：淘汰赛之有种龙头不能接力,,OK,情绪周期|强势股模式
D0264,看懂龙头股_2019-07-13_周六专栏22：淘汰赛之分离确认点机会.pdf,.pdf,周六专栏18-19\2019专栏（整理\二、板块研究\3）关于淘汰赛\看懂龙头股_2019-07-13_周六专栏22：淘汰赛之分离确认点机会.pdf,2019-07-13,6853,看懂龙头股_2019-07-13_周六专栏22：淘汰赛之分离确认点机会,,OK,强势股模式
D0265,看懂龙头股_2019-11-30_周六专栏49：如何系统认识炒“模仿”.pdf,.pdf,周六专栏18-19\2019专栏（整理\二、板块研究\4）关于炒模仿\看懂龙头股_2019-11-30_周六专栏49：如何系统认识炒“模仿”.pdf,2019-11-30,7170,看懂龙头股_2019-11-30_周六专栏49：如何系统认识炒“模仿”,,OK,强势股模式
D0266,看懂龙头股_2019-12-07_周六专栏50：炒“模仿”具体该怎么做？.pdf,.pdf,周六专栏18-19\2019专栏（整理\二、板块研究\4）关于炒模仿\看懂龙头股_2019-12-07_周六专栏50：炒“模仿”具体该怎么做？.pdf,2019-12-07,8085,看懂龙头股_2019-12-07_周六专栏50：炒“模仿”具体该怎么做？,,OK,强势股模式
D0267,看懂龙头股_2019-12-21_周六专栏52：炒“模仿”终结篇之用跟风套利.pdf,.pdf,周六专栏18-19\2019专栏（整理\二、板块研究\4）关于炒模仿\看懂龙头股_2019-12-21_周六专栏52：炒“模仿”终结篇之用跟风套利.pdf,2019-12-21,5030,看懂龙头股_2019-12-21_周六专栏52：炒“模仿”终结篇之用跟风套利,,OK,强势股模式
D0268,如何判断市场进入轮动行情.pdf,.pdf,周六专栏18-19\2019专栏（整理\二、板块研究\5）关于轮动行情\如何判断市场进入轮动行情.pdf,2020-02-08,3575,如何判断市场进入轮动行情,,OK,
D0269,如何在竞价初步判断当天题材线.pdf,.pdf,周六专栏18-19\2019专栏（整理\二、板块研究\5）关于轮动行情\如何在竞价初步判断当天题材线.pdf,2020-04-18,6475,如何在竞价初步判断当天题材线,,OK,
D0270,聊聊强转弱再转强.pdf,.pdf,周六专栏18-19\2019专栏（整理\二、板块研究\5）关于轮动行情\聊聊强转弱再转强.pdf,2019-10-19,6524,聊聊强转弱再转强,,OK,
D0271,轮动行情怎么做潜伏？.pdf,.pdf,周六专栏18-19\2019专栏（整理\二、板块研究\5）关于轮动行情\轮动行情怎么做潜伏？.pdf,2020-02-15,7829,轮动行情怎么做潜伏？,,OK,
D0272,看懂龙头股_2020-03-21_周六专栏73：暴跌次日如何通过指数选板块.pdf,.pdf,周六专栏18-19\2019专栏（整理\二、板块研究\6）关于暴跌次日\看懂龙头股_2020-03-21_周六专栏73：暴跌次日如何通过指数选板块.pdf,2020-03-21,5261,看懂龙头股_2020-03-21_周六专栏73：暴跌次日如何通过指数选板块,,OK,强势股模式
D0273,看懂龙头股_2020-04-04_周六专栏77：暴跌次日如何精选“个股”方向.pdf,.pdf,周六专栏18-19\2019专栏（整理\二、板块研究\6）关于暴跌次日\看懂龙头股_2020-04-04_周六专栏77：暴跌次日如何精选“个股”方向.pdf,2020-04-04,4238,看懂龙头股_2020-04-04_周六专栏77：暴跌次日如何精选“个股”方向,,OK,强势股模式
D0274,假阴线调整之三天二板启动.pdf,.pdf,周六专栏18-19\2019专栏（整理\四、模式研究\假阴线系列\假阴线调整之三天二板启动.pdf,2019-10-26,6046,假阴线调整之三天二板启动,,OK,启动标准
D0275,假阴线调整之空中加油.pdf,.pdf,周六专栏18-19\2019专栏（整理\四、模式研究\假阴线系列\假阴线调整之空中加油.pdf,2019-10-12,8328,假阴线调整之空中加油,,OK,
D0276,八个问题解读假阴线系列困扰.pdf,.pdf,周六专栏18-19\2019专栏（整理\四、模式研究\假阴线系列\八个问题解读假阴线系列困扰.pdf,2019-10-26,4088,八个问题解读假阴线系列困扰,,OK,
D0277,关于反包股的初步探讨.pdf,.pdf,周六专栏18-19\2019专栏（整理\四、模式研究\假阴线系列\关于反包股的初步探讨.pdf,2019-08-10,5250,关于反包股的初步探讨,,OK,强势股模式
D0278,主升浪第二波拐点处右侧第一时间上车点.pdf,.pdf,周六专栏18-19\2019专栏（整理\四、模式研究\其他\主升浪第二波拐点处右侧第一时间上车点.pdf,2020-02-29,3589,主升浪第二波拐点处右侧第一时间上车点,,OK,强势股模式
D0279,怎么参与（准）核心票的一致板.pdf,.pdf,周六专栏18-19\2019专栏（整理\四、模式研究\其他\怎么参与（准）核心票的一致板.pdf,2020-01-04,8300,怎么参与（准）核心票的一致板,,OK,
D0280,核心龙头挂了之后的交易机会.pdf,.pdf,周六专栏18-19\2019专栏（整理\四、模式研究\其他\核心龙头挂了之后的交易机会.pdf,2020-01-11,9189,核心龙头挂了之后的交易机会,,OK,强势股模式
D0281,连续强一字开板票怎么玩.pdf,.pdf,周六专栏18-19\2019专栏（整理\四、模式研究\其他\连续强一字开板票怎么玩.pdf,2020-02-08,4168,连续强一字开板票怎么玩,,OK,
D0282,：闲谈如何在大方向上参与大票博弈.pdf,.pdf,周六专栏18-19\2019专栏（整理\四、模式研究\其他\：闲谈如何在大方向上参与大票博弈.pdf,2019-11-09,6294,：闲谈如何在大方向上参与大票博弈,,OK,
D0283,16个点负振幅第二天怎么办.pdf,.pdf,周六专栏18-19\2019专栏（整理\四、模式研究\大长腿模式\16个点负振幅第二天怎么办.pdf,2019-11-09,2467,16个点负振幅第二天怎么办,,OK,强势股模式
D0284,大长腿系列之连板后低开6个点以下.pdf,.pdf,周六专栏18-19\2019专栏（整理\四、模式研究\大长腿模式\大长腿系列之连板后低开6个点以下.pdf,2019-08-17,6662,大长腿系列之连板后低开6个点以下,D0104,DUP,强势股模式
D0285,狙击主线题材内的人气股大长腿.pdf,.pdf,周六专栏18-19\2019专栏（整理\四、模式研究\大长腿模式\狙击主线题材内的人气股大长腿.pdf,2019-06-15,9406,狙击主线题材内的人气股大长腿,D0103,DUP,强势股模式
D0286,狙击大长腿模式总框架.pdf,.pdf,周六专栏18-19\2019专栏（整理\四、模式研究\大长腿模式\狙击大长腿模式总框架.pdf,2019-05-18,12147,狙击大长腿模式总框架,,OK,强势股模式
D0287,狙击龙头股的第一根大长腿模式.pdf,.pdf,周六专栏18-19\2019专栏（整理\四、模式研究\大长腿模式\狙击龙头股的第一根大长腿模式.pdf,2019-04-05,9728,狙击龙头股的第一根大长腿模式,,OK,强势股模式
D0288,长腿系列之被动跟随杀跌.pdf,.pdf,周六专栏18-19\2019专栏（整理\四、模式研究\大长腿模式\长腿系列之被动跟随杀跌.pdf,2019-11-02,3171,长腿系列之被动跟随杀跌,D0106,DUP,强势股模式
D0289,首次长腿板次日的长腿低吸.pdf,.pdf,周六专栏18-19\2019专栏（整理\四、模式研究\大长腿模式\首次长腿板次日的长腿低吸.pdf,2019-05-26,5805,首次长腿板次日的长腿低吸,D0105,DUP,强势股模式
D0290,新王登基次日接力模式.pdf,.pdf,周六专栏18-19\2019专栏（整理\四、模式研究\新王模式\新王登基次日接力模式.pdf,2019-03-30,23373,新王登基次日接力模式,,OK,情绪周期|强势股模式
D0291,空间板当天午后上车模式.pdf,.pdf,周六专栏18-19\2019专栏（整理\四、模式研究\新王模式\空间板当天午后上车模式.pdf,2019-08-10,5536,空间板当天午后上车模式,,OK,强势股模式
D0292,隐形空间板的玩法.pdf,.pdf,周六专栏18-19\2019专栏（整理\四、模式研究\新王模式\隐形空间板的玩法.pdf,2019-04-05,6026,隐形空间板的玩法,,OK,强势股模式
D0293,一个回撤极低的向上变盘玩法.pdf,.pdf,周六专栏18-19\2019专栏（整理\四、模式研究\新高半路\一个回撤极低的向上变盘玩法.pdf,2020-01-18,4134,一个回撤极低的向上变盘玩法,,OK,仓位风控
D0294,一种赚想赚趋势钱的资金的超短模式.pdf,.pdf,周六专栏18-19\2019专栏（整理\四、模式研究\新高半路\一种赚想赚趋势钱的资金的超短模式.pdf,2019-11-16,8166,一种赚想赚趋势钱的资金的超短模式,,OK,强势股模式
D0295,小趋势+上影线，次日半路机会.pdf,.pdf,周六专栏18-19\2019专栏（整理\四、模式研究\新高半路\小趋势+上影线，次日半路机会.pdf,2019-09-28,3582,小趋势+上影线，次日半路机会,,OK,强势股模式
D0296,趋势股突破高点平台期的超短玩法.pdf,.pdf,周六专栏18-19\2019专栏（整理\四、模式研究\新高半路\趋势股突破高点平台期的超短玩法.pdf,2019-09-28,3137,趋势股突破高点平台期的超短玩法,,OK,强势股模式
D0297,看懂龙头股_2019-05-11_周六专栏12：出现地天板之后的交易机会.pdf,.pdf,周六专栏18-19\2019专栏（整理\四、模式研究\连板晋级\看懂龙头股_2019-05-11_周六专栏12：出现地天板之后的交易机会.pdf,2019-05-11,4841,看懂龙头股_2019-05-11_周六专栏12：出现地天板之后的交易机会,,OK,强势股模式
D0298,看懂龙头股_2019-06-01_周六专栏16：高开长U下影线次日的低吸机会.pdf,.pdf,周六专栏18-19\2019专栏（整理\四、模式研究\连板晋级\看懂龙头股_2019-06-01_周六专栏16：高开长U下影线次日的低吸机会.pdf,2019-06-01,8171,看懂龙头股_2019-06-01_周六专栏16：高开长U下影线次日的低吸机会,,OK,强势股模式
D0299,看懂龙头股_2019-06-29_周六专栏20：3连板+首次出现爆量或分歧.pdf,.pdf,周六专栏18-19\2019专栏（整理\四、模式研究\连板晋级\看懂龙头股_2019-06-29_周六专栏20：3连板+首次出现爆量或分歧.pdf,2019-06-29,6618,看懂龙头股_2019-06-29_周六专栏20：3连板+首次出现爆量或分歧,,OK,强势股模式
D0300,看懂龙头股_2020-02-29_周六专栏67：连板晋级中一个成功率极高的玩法.pdf,.pdf,周六专栏18-19\2019专栏（整理\四、模式研究\连板晋级\看懂龙头股_2020-02-29_周六专栏67：连板晋级中一个成功率极高的玩法.pdf,2020-02-29,3561,看懂龙头股_2020-02-29_周六专栏67：连板晋级中一个成功率极高的玩法,,OK,强势股模式
D0301,看懂龙头股_2020-03-14_周六专栏72：人气票梅开二度机会.pdf,.pdf,周六专栏18-19\2019专栏（整理\四、模式研究\连板晋级\看懂龙头股_2020-03-14_周六专栏72：人气票梅开二度机会.pdf,2020-03-14,5138,看懂龙头股_2020-03-14_周六专栏72：人气票梅开二度机会,,OK,强势股模式
D0302,08.防守反击系列1：埋伏箱体涨停.pdf,.pdf,周六专栏18-19\2020周六专栏\2020周六专栏\一、模式研究\低吸\08.防守反击系列1：埋伏箱体涨停.pdf,2020-08-29,11099,防守反击系列1：埋伏箱体涨停,D0002,DUP,强势股模式
D0303,34.如何狙击情绪逆转地天板.pdf,.pdf,周六专栏18-19\2020周六专栏\2020周六专栏\一、模式研究\低吸\34.如何狙击情绪逆转地天板.pdf,2020-12-12,5032,如何狙击情绪逆转地天板,D0003,DUP,情绪周期|强势股模式
D0304,87.大长腿空中加油后的一个低吸玩法.pdf,.pdf,周六专栏18-19\2020周六专栏\2020周六专栏\一、模式研究\低吸\87.大长腿空中加油后的一个低吸玩法.pdf,2021-08-21,4896,大长腿空中加油后的一个低吸玩法,D0004,DUP,强势股模式
D0305,07.如何把握市场错杀票的机会.pdf,.pdf,周六专栏18-19\2020周六专栏\2020周六专栏\一、模式研究\其他\07.如何把握市场错杀票的机会.pdf,2020-08-22,4427,如何把握市场错杀票的机会,D0005,DUP,
D0306,46.妖股形成过程中的极品补涨机会.pdf,.pdf,周六专栏18-19\2020周六专栏\2020周六专栏\一、模式研究\其他\46.妖股形成过程中的极品补涨机会.pdf,2021-01-23,3468,妖股形成过程中的极品补涨机会,D0006,DUP,
D0307,48.出现妖股后的空间板怎么玩.pdf,.pdf,周六专栏18-19\2020周六专栏\2020周六专栏\一、模式研究\其他\48.出现妖股后的空间板怎么玩.pdf,2021-01-30,3883,出现妖股后的空间板怎么玩,D0007,DUP,
D0308,49.什么样的“抗跌”才有意义.pdf,.pdf,周六专栏18-19\2020周六专栏\2020周六专栏\一、模式研究\其他\49.什么样的“抗跌”才有意义.pdf,2021-02-06,5200,什么样的“抗跌”才有意义,D0008,DUP,
D0309,58.两种常见的教科书式卖点.pdf,.pdf,周六专栏18-19\2020周六专栏\2020周六专栏\一、模式研究\其他\58.两种常见的教科书式卖点.pdf,2021-03-27,5307,两种常见的教科书式卖点,D0009,DUP,
D0310,59.出现超级龙头之后的接力思路.pdf,.pdf,周六专栏18-19\2020周六专栏\2020周六专栏\一、模式研究\其他\59.出现超级龙头之后的接力思路.pdf,2021-04-03,7620,出现超级龙头之后的接力思路,D0010,DUP,情绪周期|强势股模式
D0311,63.如何判断个股的涨幅上限？.pdf,.pdf,周六专栏18-19\2020周六专栏\2020周六专栏\一、模式研究\其他\63.如何判断个股的涨幅上限？.pdf,2021-04-24,7294,如何判断个股的涨幅上限？,D0011,DUP,
D0312,75.龙头特停后的交易性机会.pdf,.pdf,周六专栏18-19\2020周六专栏\2020周六专栏\一、模式研究\其他\75.龙头特停后的交易性机会.pdf,2021-06-26,6578,龙头特停后的交易性机会,D0012,DUP,强势股模式
D0313,79.预期情绪转折，该如何操作？.pdf,.pdf,周六专栏18-19\2020周六专栏\2020周六专栏\一、模式研究\其他\79.预期情绪转折，该如何操作？.pdf,2021-07-17,7030,预期情绪转折，该如何操作？,D0013,DUP,情绪周期
D0314,76.如何判断反核交易是否值得做？.pdf,.pdf,周六专栏18-19\2020周六专栏\2020周六专栏\一、模式研究\反核\76.如何判断反核交易是否值得做？.pdf,2021-07-03,4345,如何判断反核交易是否值得做？,D0014,DUP,
D0315,84.讲讲宋庄路的反核低吸.pdf,.pdf,周六专栏18-19\2020周六专栏\2020周六专栏\一、模式研究\反核\84.讲讲宋庄路的反核低吸.pdf,2021-08-07,5420,讲讲宋庄路的反核低吸,D0015,DUP,强势股模式
D0316,21.如何在集合竞价选到日内龙头债.pdf,.pdf,周六专栏18-19\2020周六专栏\2020周六专栏\一、模式研究\可转债\21.如何在集合竞价选到日内龙头债.pdf,2020-10-24,5733,如何在集合竞价选到日内龙头债,D0016,DUP,强势股模式
D0317,86.如何利用可转债参与主线板块.pdf,.pdf,周六专栏18-19\2020周六专栏\2020周六专栏\一、模式研究\可转债\86.如何利用可转债参与主线板块.pdf,2021-08-21,4396,如何利用可转债参与主线板块,D0017,DUP,
D0318,13.趋势转折系列1：避开上升转势大回撤.pdf,.pdf,周六专栏18-19\2020周六专栏\2020周六专栏\一、模式研究\指数相关\13.趋势转折系列1：避开上升转势大回撤.pdf,2020-09-12,5143,趋势转折系列1：避开上升转势大回撤,D0018,DUP,强势股模式|仓位风控
D0319,26.如何应对指数长阴次日的行情？.pdf,.pdf,周六专栏18-19\2020周六专栏\2020周六专栏\一、模式研究\指数相关\26.如何应对指数长阴次日的行情？.pdf,2020-11-07,4773,如何应对指数长阴次日的行情？,D0019,DUP,
D0320,28.指数单日长阳后的防守玩法.pdf,.pdf,周六专栏18-19\2020周六专栏\2020周六专栏\一、模式研究\指数相关\28.指数单日长阳后的防守玩法.pdf,2020-11-14,5033,指数单日长阳后的防守玩法,D0020,DUP,
D0321,52.如何格局波段之指数择时.pdf,.pdf,周六专栏18-19\2020周六专栏\2020周六专栏\一、模式研究\指数相关\52.如何格局波段之指数择时.pdf,2021-02-27,5039,如何格局波段之指数择时,D0021,DUP,
D0322,56.如何判断大盘暴跌的级别.pdf,.pdf,周六专栏18-19\2020周六专栏\2020周六专栏\一、模式研究\指数相关\56.如何判断大盘暴跌的级别.pdf,2021-03-20,9447,如何判断大盘暴跌的级别,D0022,DUP,
D0323,83.指数暴跌后的参与思路.pdf,.pdf,周六专栏18-19\2020周六专栏\2020周六专栏\一、模式研究\指数相关\83.指数暴跌后的参与思路.pdf,2021-08-07,6620,指数暴跌后的参与思路,D0023,DUP,
D0324,14.注册制后，创业板首板值得玩么？.pdf,.pdf,周六专栏18-19\2020周六专栏\2020周六专栏\一、模式研究\注册制创业板研究\14.注册制后，创业板首板值得玩么？.pdf,2020-09-19,6502,注册制后，创业板首板值得玩么？,D0024,DUP,
D0325,17.创业板大肉首板有哪些共性.pdf,.pdf,周六专栏18-19\2020周六专栏\2020周六专栏\一、模式研究\注册制创业板研究\17.创业板大肉首板有哪些共性.pdf,2020-09-26,5419,创业板大肉首板有哪些共性,D0025,DUP,
D0326,20.创业板一进二的关键点有哪些？.pdf,.pdf,周六专栏18-19\2020周六专栏\2020周六专栏\一、模式研究\注册制创业板研究\20.创业板一进二的关键点有哪些？.pdf,2020-10-17,6940,创业板一进二的关键点有哪些？,D0026,DUP,
D0327,23.关于创业板连板票次日低吸模式的深度研究.pdf,.pdf,周六专栏18-19\2020周六专栏\2020周六专栏\一、模式研究\注册制创业板研究\23.关于创业板连板票次日低吸模式的深度研究.pdf,2020-10-31,5540,关于创业板连板票次日低吸模式的深度研究,D0027,DUP,强势股模式
D0328,24.创业板票箱体玩法.pdf,.pdf,周六专栏18-19\2020周六专栏\2020周六专栏\一、模式研究\注册制创业板研究\24.创业板票箱体玩法.pdf,2020-10-31,2958,创业板票箱体玩法,D0028,DUP,
D0329,71.近期20cm赚钱效应怎么参与？.pdf,.pdf,周六专栏18-19\2020周六专栏\2020周六专栏\一、模式研究\注册制创业板研究\71.近期20cm赚钱效应怎么参与？.pdf,2021-06-05,4972,近期20cm赚钱效应怎么参与？,D0029,DUP,
D0330,78.谈谈近期的20cm低吸.pdf,.pdf,周六专栏18-19\2020周六专栏\2020周六专栏\一、模式研究\注册制创业板研究\78.谈谈近期的20cm低吸.pdf,2021-07-10,7182,谈谈近期的20cm低吸,D0030,DUP,强势股模式
D0331,32.20cm下趋势牛股短线该怎么买.pdf,.pdf,周六专栏18-19\2020周六专栏\2020周六专栏\一、模式研究\趋势股研究\32.20cm下趋势牛股短线该怎么买.pdf,2020-12-05,5878,20cm下趋势牛股短线该怎么买,D0031,DUP,强势股模式
D0332,35.如何做好趋势票高抛低吸.pdf,.pdf,周六专栏18-19\2020周六专栏\2020周六专栏\一、模式研究\趋势股研究\35.如何做好趋势票高抛低吸.pdf,2020-12-12,6022,如何做好趋势票高抛低吸,D0032,DUP,强势股模式
D0333,36.强趋势投机如何回避潜在巨亏.pdf,.pdf,周六专栏18-19\2020周六专栏\2020周六专栏\一、模式研究\趋势股研究\36.强趋势投机如何回避潜在巨亏.pdf,2020-12-19,4676,强趋势投机如何回避潜在巨亏,D0033,DUP,强势股模式
D0334,38.如何系统地找到趋势票.pdf,.pdf,周六专栏18-19\2020周六专栏\2020周六专栏\一、模式研究\趋势股研究\38.如何系统地找到趋势票.pdf,2020-12-26,7306,如何系统地找到趋势票,D0034,DUP,强势股模式
D0335,39.如何有效率地参与长趋势票.pdf,.pdf,周六专栏18-19\2020周六专栏\2020周六专栏\一、模式研究\趋势股研究\39.如何有效率地参与长趋势票.pdf,2021-01-01,5416,如何有效率地参与长趋势票,D0035,DUP,强势股模式
D0336,47.如何能格局一个小波段.pdf,.pdf,周六专栏18-19\2020周六专栏\2020周六专栏\一、模式研究\趋势股研究\47.如何能格局一个小波段.pdf,2021-01-30,6876,如何能格局一个小波段,D0036,DUP,强势股模式
D0337,54.谈谈如何选趋势中军票.pdf,.pdf,周六专栏18-19\2020周六专栏\2020周六专栏\一、模式研究\趋势股研究\54.谈谈如何选趋势中军票.pdf,2021-03-13,4689,谈谈如何选趋势中军票,D0037,DUP,强势股模式
D0338,64.如何在长逻辑波段票中做短线.pdf,.pdf,周六专栏18-19\2020周六专栏\2020周六专栏\一、模式研究\趋势股研究\64.如何在长逻辑波段票中做短线.pdf,2021-05-01,5635,如何在长逻辑波段票中做短线,D0038,DUP,强势股模式
D0339,70.一个在初期发现潜在主流板块的思路.pdf,.pdf,周六专栏18-19\2020周六专栏\2020周六专栏\一、模式研究\趋势股研究\70.一个在初期发现潜在主流板块的思路.pdf,2021-06-05,6447,一个在初期发现潜在主流板块的思路,D0039,DUP,强势股模式
D0340,77.长逻辑趋势票具体要怎么低吸？.pdf,.pdf,周六专栏18-19\2020周六专栏\2020周六专栏\一、模式研究\趋势股研究\77.长逻辑趋势票具体要怎么低吸？.pdf,2021-07-03,4585,长逻辑趋势票具体要怎么低吸？,D0040,DUP,强势股模式
D0341,82.如何赚一个小波段的钱.pdf,.pdf,周六专栏18-19\2020周六专栏\2020周六专栏\一、模式研究\趋势股研究\82.如何赚一个小波段的钱.pdf,2021-07-31,9299,如何赚一个小波段的钱,D0041,DUP,强势股模式
D0342,30.如何找到高质量的共振板块.pdf,.pdf,周六专栏18-19\2020周六专栏\2020周六专栏\三、题材节奏\30.如何找到高质量的共振板块.pdf,2020-11-21,5342,如何找到高质量的共振板块,D0042,DUP,情绪周期|启动标准
D0343,40.板块高潮前的最佳介入时间.pdf,.pdf,周六专栏18-19\2020周六专栏\2020周六专栏\三、题材节奏\40.板块高潮前的最佳介入时间.pdf,2021-01-01,5025,板块高潮前的最佳介入时间,D0043,DUP,情绪周期
D0344,41.轮动行情中，板块启动前的信号.pdf,.pdf,周六专栏18-19\2020周六专栏\2020周六专栏\三、题材节奏\41.轮动行情中，板块启动前的信号.pdf,2021-01-09,5940,轮动行情中，板块启动前的信号,D0044,DUP,情绪周期|启动标准
D0345,44.题材高低切，轮动题材如何选？.pdf,.pdf,周六专栏18-19\2020周六专栏\2020周六专栏\三、题材节奏\44.题材高低切，轮动题材如何选？.pdf,2021-01-16,3321,题材高低切，轮动题材如何选？,D0045,DUP,情绪周期
D0346,45.板块调整期，活口票怎么玩？.pdf,.pdf,周六专栏18-19\2020周六专栏\2020周六专栏\三、题材节奏\45.板块调整期，活口票怎么玩？.pdf,2021-01-23,7392,板块调整期，活口票怎么玩？,D0046,DUP,情绪周期
D0347,60.如何把握龙头切换机会.pdf,.pdf,周六专栏18-19\2020周六专栏\2020周六专栏\三、题材节奏\60.如何把握龙头切换机会.pdf,2021-04-10,5854,如何把握龙头切换机会,D0047,DUP,情绪周期|强势股模式
D0348,62.如何玩题材高低切.pdf,.pdf,周六专栏18-19\2020周六专栏\2020周六专栏\三、题材节奏\62.如何玩题材高低切.pdf,2021-04-17,8323,如何玩题材高低切,D0048,DUP,情绪周期
D0349,66.题材低维轮动，怎么玩更好？.pdf,.pdf,周六专栏18-19\2020周六专栏\2020周六专栏\三、题材节奏\66.题材低维轮动，怎么玩更好？.pdf,2021-05-15,8273,题材低维轮动，怎么玩更好？,D0049,DUP,情绪周期
D0350,72.如何做板块内的高低切.pdf,.pdf,周六专栏18-19\2020周六专栏\2020周六专栏\三、题材节奏\72.如何做板块内的高低切.pdf,2021-06-12,8480,如何做板块内的高低切,D0050,DUP,情绪周期
D0351,73.题材高潮后分歧，会如何走，该怎么做？.pdf,.pdf,周六专栏18-19\2020周六专栏\2020周六专栏\三、题材节奏\73.题材高潮后分歧，会如何走，该怎么做？.pdf,2021-06-19,4558,题材高潮后分歧，会如何走，该怎么做？,D0051,DUP,情绪周期
D0352,19.复盘中报业绩炒作中的几类机会.pdf,.pdf,周六专栏18-19\2020周六专栏\2020周六专栏\二、基本面投机\业绩模式\19.复盘中报业绩炒作中的几类机会.pdf,2020-10-10,5199,复盘中报业绩炒作中的几类机会,D0052,DUP,
D0353,10.新股定价博弈之3种主流模式介绍.pdf,.pdf,周六专栏18-19\2020周六专栏\2020周六专栏\二、基本面投机\新股研究\10.新股定价博弈之3种主流模式介绍.pdf,2020-09-05,8280,新股定价博弈之3种主流模式介绍,D0053,DUP,
D0354,11.新股定价博弈之如何给新股算估值.pdf,.pdf,周六专栏18-19\2020周六专栏\2020周六专栏\二、基本面投机\新股研究\11.新股定价博弈之如何给新股算估值.pdf,2020-09-05,10369,新股定价博弈之如何给新股算估值,D0054,DUP,
D0355,12.新股定价博弈之最新的几个例子串讲.pdf,.pdf,周六专栏18-19\2020周六专栏\2020周六专栏\二、基本面投机\新股研究\12.新股定价博弈之最新的几个例子串讲.pdf,2020-09-12,7093,新股定价博弈之最新的几个例子串讲,D0055,DUP,
D0356,43.如何狙击新股第六天的大阳线.pdf,.pdf,周六专栏18-19\2020周六专栏\2020周六专栏\二、基本面投机\新股研究\43.如何狙击新股第六天的大阳线.pdf,2021-01-16,3678,如何狙击新股第六天的大阳线,D0056,DUP,
D0357,55.如何判断新股情绪周期低点？.pdf,.pdf,周六专栏18-19\2020周六专栏\2020周六专栏\二、基本面投机\新股研究\55.如何判断新股情绪周期低点？.pdf,2021-03-13,4185,如何判断新股情绪周期低点？,D0057,DUP,情绪周期
D0358,61.新股博弈之估值修复行情.pdf,.pdf,周六专栏18-19\2020周六专栏\2020周六专栏\二、基本面投机\新股研究\61.新股博弈之估值修复行情.pdf,2021-04-10,4618,新股博弈之估值修复行情,D0058,DUP,
D0359,74.带热点题材的新股如何参与？.pdf,.pdf,周六专栏18-19\2020周六专栏\2020周六专栏\二、基本面投机\新股研究\74.带热点题材的新股如何参与？.pdf,2021-06-19,4710,带热点题材的新股如何参与？,D0059,DUP,
D0360,新股定价博弈之高景气龙头的进阶估值方法.pdf,.pdf,周六专栏18-19\2020周六专栏\2020周六专栏\二、基本面投机\新股研究\新股定价博弈之高景气龙头的进阶估值方法.pdf,2020-11-28,7561,新股定价博弈之高景气龙头的进阶估值方法,D0060,DUP,强势股模式
D0361,02.如何判断一只股票有机构买入.pdf,.pdf,周六专栏18-19\2020周六专栏\2020周六专栏\二、基本面投机\机构系列\02.如何判断一只股票有机构买入.pdf,2020-08-08,7717,如何判断一只股票有机构买入,D0061,DUP,
D0362,05.如何算出一只票会出机构榜.pdf,.pdf,周六专栏18-19\2020周六专栏\2020周六专栏\二、基本面投机\机构系列\05.如何算出一只票会出机构榜.pdf,2020-08-15,4886,如何算出一只票会出机构榜,D0062,DUP,
D0363,09.关于机构玩法买点的后续思考.pdf,.pdf,周六专栏18-19\2020周六专栏\2020周六专栏\二、基本面投机\机构系列\09.关于机构玩法买点的后续思考.pdf,2020-08-29,5869,关于机构玩法买点的后续思考,D0063,DUP,
D0364,22.最近正在流行的机构玩法.pdf,.pdf,周六专栏18-19\2020周六专栏\2020周六专栏\二、基本面投机\机构系列\22.最近正在流行的机构玩法.pdf,2020-10-24,4107,最近正在流行的机构玩法,D0064,DUP,
D0365,03.玩计算器票的基本框架.pdf,.pdf,周六专栏18-19\2020周六专栏\2020周六专栏\二、基本面投机\趋势板块研究\03.玩计算器票的基本框架.pdf,2020-08-15,15258,玩计算器票的基本框架,D0065,DUP,强势股模式
D0366,06.大行情的中途调整和结束应该如何区分.pdf,.pdf,周六专栏18-19\2020周六专栏\2020周六专栏\二、基本面投机\趋势板块研究\06.大行情的中途调整和结束应该如何区分.pdf,2020-08-22,7526,大行情的中途调整和结束应该如何区分,D0066,DUP,强势股模式
D0367,15.主流板块独立新逻辑怎么玩.pdf,.pdf,周六专栏18-19\2020周六专栏\2020周六专栏\二、基本面投机\趋势板块研究\15.主流板块独立新逻辑怎么玩.pdf,2020-09-19,7903,主流板块独立新逻辑怎么玩,D0067,DUP,强势股模式
D0368,25.主流题材中小龙头轮动玩法.pdf,.pdf,周六专栏18-19\2020周六专栏\2020周六专栏\二、基本面投机\趋势板块研究\25.主流题材中小龙头轮动玩法.pdf,2020-11-07,6257,主流题材中小龙头轮动玩法,D0068,DUP,强势股模式
D0369,42.连续踏空主流板块后的补救思路.pdf,.pdf,周六专栏18-19\2020周六专栏\2020周六专栏\二、基本面投机\趋势板块研究\42.连续踏空主流板块后的补救思路.pdf,2021-01-09,4611,连续踏空主流板块后的补救思路,D0069,DUP,强势股模式
D0370,79.如何参与主流板块补涨分支炒作.pdf,.pdf,周六专栏18-19\2020周六专栏\2020周六专栏\二、基本面投机\趋势板块研究\79.如何参与主流板块补涨分支炒作.pdf,2021-07-24,4739,如何参与主流板块补涨分支炒作,D0070,DUP,强势股模式
D0371,18.如何用涨跌家数判断情绪冰点及应对策略.pdf,.pdf,周六专栏18-19\2020周六专栏\2020周六专栏\五、实用指标\18.如何用涨跌家数判断情绪冰点及应对策略.pdf,2020-10-10,7652,如何用涨跌家数判断情绪冰点及应对策略,D0071,DUP,情绪周期|实用指标
D0372,27.一个判断主线持续性的指标.pdf,.pdf,周六专栏18-19\2020周六专栏\2020周六专栏\五、实用指标\27.一个判断主线持续性的指标.pdf,2020-11-14,5209,一个判断主线持续性的指标,D0072,DUP,实用指标
D0373,29.一个判断题材要见顶分歧的指标.pdf,.pdf,周六专栏18-19\2020周六专栏\2020周六专栏\五、实用指标\29.一个判断题材要见顶分歧的指标.pdf,2020-11-21,6509,一个判断题材要见顶分歧的指标,D0073,DUP,实用指标
D0374,68.几个判断情绪强弱的实用工具.pdf,.pdf,周六专栏18-19\2020周六专栏\2020周六专栏\五、实用指标\68.几个判断情绪强弱的实用工具.pdf,2021-05-22,4686,几个判断情绪强弱的实用工具,D0074,DUP,情绪周期|实用指标
D0375,01.介绍一下这两年我的主要交易模式.pdf,.pdf,周六专栏18-19\2020周六专栏\2020周六专栏\六、交易思路\01.介绍一下这两年我的主要交易模式.pdf,2020-08-08,18058,介绍一下这两年我的主要交易模式,D0075,DUP,
D0376,04.分析一个短线票最基础的四个问题.pdf,.pdf,周六专栏18-19\2020周六专栏\2020周六专栏\六、交易思路\04.分析一个短线票最基础的四个问题.pdf,2020-08-15,7200,分析一个短线票最基础的四个问题,D0076,DUP,
D0377,33.交易中概率、赔率与仓位的关系.pdf,.pdf,周六专栏18-19\2020周六专栏\2020周六专栏\六、交易思路\33.交易中概率、赔率与仓位的关系.pdf,2020-12-05,6865,交易中概率、赔率与仓位的关系,D0077,DUP,仓位风控
D0378,50.买点不是点，而是区间.pdf,.pdf,周六专栏18-19\2020周六专栏\2020周六专栏\六、交易思路\50.买点不是点，而是区间.pdf,2021-02-06,4369,买点不是点，而是区间,D0078,DUP,
D0379,51.谈一谈交易性格.pdf,.pdf,周六专栏18-19\2020周六专栏\2020周六专栏\六、交易思路\51.谈一谈交易性格.pdf,2021-02-27,9590,谈一谈交易性格,D0079,DUP,
D0380,53.谈一谈交易中的性价比？.pdf,.pdf,周六专栏18-19\2020周六专栏\2020周六专栏\六、交易思路\53.谈一谈交易中的性价比？.pdf,2021-03-06,6762,谈一谈交易中的性价比？,D0080,DUP,
D0381,65.一个简易版的交易系统.pdf,.pdf,周六专栏18-19\2020周六专栏\2020周六专栏\六、交易思路\65.一个简易版的交易系统.pdf,2021-05-08,8101,一个简易版的交易系统,D0081,DUP,
D0382,80.谈谈交易模式的优先级.pdf,.pdf,周六专栏18-19\2020周六专栏\2020周六专栏\六、交易思路\80.谈谈交易模式的优先级.pdf,2021-07-24,5901,谈谈交易模式的优先级,D0082,DUP,
D0383,85.系统性讲讲预期.pdf,.pdf,周六专栏18-19\2020周六专栏\2020周六专栏\六、交易思路\85.系统性讲讲预期.pdf,2021-08-14,9477,系统性讲讲预期,D0083,DUP,
D0384,16.创业板涨停板炒作全程复盘.pdf,.pdf,周六专栏18-19\2020周六专栏\2020周六专栏\四、行情复盘\16.创业板涨停板炒作全程复盘.pdf,2020-09-26,7828,创业板涨停板炒作全程复盘,D0084,DUP,
D0385,57.碳中和炒作全复盘.pdf,.pdf,周六专栏18-19\2020周六专栏\2020周六专栏\四、行情复盘\57.碳中和炒作全复盘.pdf,2021-03-27,9385,碳中和炒作全复盘,D0085,DUP,
D0386,67.医美板块炒作复盘.pdf,.pdf,周六专栏18-19\2020周六专栏\2020周六专栏\四、行情复盘\67.医美板块炒作复盘.pdf,2021-05-22,6622,医美板块炒作复盘,D0086,DUP,
D0387,69.近期市场赚钱效应的模式解析.pdf,.pdf,周六专栏18-19\2020周六专栏\2020周六专栏\四、行情复盘\69.近期市场赚钱效应的模式解析.pdf,2021-05-29,7258,近期市场赚钱效应的模式解析,D0087,DUP,
D0388,复盘哥.docx,.docx,复盘哥.docx,,4062,复盘哥,,OK,
D0389,一个强趋势票的细节问题-2022.7.25.docx,.docx,复盘哥工作室知识点（更新到0814）\一个强趋势票的细节问题-2022.7.25.docx,2022-07-25,365,一个强趋势票的细节问题-2022.7.25,,OK,强势股模式
D0390,一字板逻辑票高位开板后的交易机会-2022.7.7.docx,.docx,复盘哥工作室知识点（更新到0814）\一字板逻辑票高位开板后的交易机会-2022.7.7.docx,2022-07-07,816,一字板逻辑票高位开板后的交易机会-2022.7.7,,OK,
D0391,一类长腿票形成条件及接力效果-2022.7.20.docx,.docx,复盘哥工作室知识点（更新到0814）\一类长腿票形成条件及接力效果-2022.7.20.docx,2022-07-20,312,一类长腿票形成条件及接力效果-2022.7.20,,OK,情绪周期
D0392,不在对的板块里纠缠弱股-2022.7.25.docx,.docx,复盘哥工作室知识点（更新到0814）\不在对的板块里纠缠弱股-2022.7.25.docx,2022-07-25,111,不在对的板块里纠缠弱股-2022.7.25,,OK,
D0393,个股交易，差不多就行&波段交易-2022.8.1.docx,.docx,复盘哥工作室知识点（更新到0814）\个股交易，差不多就行&波段交易-2022.8.1.docx,2022-08-01,1565,个股交易，差不多就行&波段交易-2022.8.1,,OK,
D0394,个股突破后的走势差异原因-2022.7.15.docx,.docx,复盘哥工作室知识点（更新到0814）\个股突破后的走势差异原因-2022.7.15.docx,2022-07-15,285,个股突破后的走势差异原因-2022.7.15,,OK,
D0395,个股逻辑与股价走势之间的关系-2022.8.10.docx,.docx,复盘哥工作室知识点（更新到0814）\个股逻辑与股价走势之间的关系-2022.8.10.docx,2022-08-10,125,个股逻辑与股价走势之间的关系-2022.8.10,,OK,
D0396,主流高位分化时的操作-2022.6.27.docx,.docx,复盘哥工作室知识点（更新到0814）\主流高位分化时的操作-2022.6.27.docx,2022-06-27,208,主流高位分化时的操作-2022.6.27,,OK,
D0397,什么是模式思维-2022.7.14.docx,.docx,复盘哥工作室知识点（更新到0814）\什么是模式思维-2022.7.14.docx,2022-07-14,189,什么是模式思维-2022.7.14,,OK,
D0398,低吸的重要原则-2022.6.29.docx,.docx,复盘哥工作室知识点（更新到0814）\低吸的重要原则-2022.6.29.docx,2022-06-29,93,低吸的重要原则-2022.6.29,,OK,强势股模式
D0399,做票不要较劲-2022.7.28.docx,.docx,复盘哥工作室知识点（更新到0814）\做票不要较劲-2022.7.28.docx,2022-07-28,361,做票不要较劲-2022.7.28,,OK,
D0400,关于亏损-2022.8.9.docx,.docx,复盘哥工作室知识点（更新到0814）\关于亏损-2022.8.9.docx,2022-08-09,582,关于亏损-2022.8.9,,OK,
D0401,关于卖票和熬票-2022.6.30.docx,.docx,复盘哥工作室知识点（更新到0814）\关于卖票和熬票-2022.6.30.docx,2022-06-30,263,关于卖票和熬票-2022.6.30,,OK,
D0402,关于强趋势票-2022.7.4.docx,.docx,复盘哥工作室知识点（更新到0814）\关于强趋势票-2022.7.4.docx,2022-07-04,635,关于强趋势票-2022.7.4,,OK,强势股模式
D0403,关于熬票-2022.6.22.docx,.docx,复盘哥工作室知识点（更新到0814）\关于熬票-2022.6.22.docx,2022-06-22,117,关于熬票-2022.6.22,,OK,
D0404,关于特停补涨-2022.7.14.docx,.docx,复盘哥工作室知识点（更新到0814）\关于特停补涨-2022.7.14.docx,2022-07-14,275,关于特停补涨-2022.7.14,,OK,
D0405,关于看A做B-2022.6.27.docx,.docx,复盘哥工作室知识点（更新到0814）\关于看A做B-2022.6.27.docx,2022-06-27,241,关于看A做B-2022.6.27,,OK,
D0406,关于空间板-2022.7.20.docx,.docx,复盘哥工作室知识点（更新到0814）\关于空间板-2022.7.20.docx,2022-07-20,300,关于空间板-2022.7.20,,OK,
D0407,关于筹码-2022.8.11.docx,.docx,复盘哥工作室知识点（更新到0814）\关于筹码-2022.8.11.docx,2022-08-11,376,关于筹码-2022.8.11,,OK,
D0408,关于错杀票-2022.7.22.docx,.docx,复盘哥工作室知识点（更新到0814）\关于错杀票-2022.7.22.docx,2022-07-22,299,关于错杀票-2022.7.22,,OK,
D0409,关于题材选取的问题.docx,.docx,复盘哥工作室知识点（更新到0814）\关于题材选取的问题.docx,,52,关于题材选取的问题,,OK,
D0410,关于高位接力-2022.6.23.docx,.docx,复盘哥工作室知识点（更新到0814）\关于高位接力-2022.6.23.docx,2022-06-23,2009,关于高位接力-2022.6.23,,OK,情绪周期
D0411,出现亏损的初期就要收手了-2022.7.12.docx,.docx,复盘哥工作室知识点（更新到0814）\出现亏损的初期就要收手了-2022.7.12.docx,2022-07-12,1643,出现亏损的初期就要收手了-2022.7.12,,OK,
D0412,反包票的分时买点-2022.6.22.docx,.docx,复盘哥工作室知识点（更新到0814）\反包票的分时买点-2022.6.22.docx,2022-06-22,166,反包票的分时买点-2022.6.22,,OK,强势股模式
D0413,同批次的两只票晋级PK-2022.7.5.docx,.docx,复盘哥工作室知识点（更新到0814）\同批次的两只票晋级PK-2022.7.5.docx,2022-07-05,202,同批次的两只票晋级PK-2022.7.5,,OK,
D0414,在不同的位置，从不同的角度去思考问题-2022.8.4.docx,.docx,复盘哥工作室知识点（更新到0814）\在不同的位置，从不同的角度去思考问题-2022.8.4.docx,2022-08-04,1074,在不同的位置，从不同的角度去思考问题-2022.8.4,,OK,
D0415,地天板的意义-2022.6.22.docx,.docx,复盘哥工作室知识点（更新到0814）\地天板的意义-2022.6.22.docx,2022-06-22,74,地天板的意义-2022.6.22,,OK,
D0416,基于启动和接力如何做计划-2022.6.24.docx,.docx,复盘哥工作室知识点（更新到0814）\基于启动和接力如何做计划-2022.6.24.docx,2022-06-24,205,基于启动和接力如何做计划-2022.6.24,,OK,情绪周期|启动标准
D0417,基于日K的三种低吸-2022.6.22.docx,.docx,复盘哥工作室知识点（更新到0814）\基于日K的三种低吸-2022.6.22.docx,2022-06-22,110,基于日K的三种低吸-2022.6.22,,OK,强势股模式
D0418,基于板块走强对前期热点票的低吸-2022.6.28.docx,.docx,复盘哥工作室知识点（更新到0814）\基于板块走强对前期热点票的低吸-2022.6.28.docx,2022-06-28,180,基于板块走强对前期热点票的低吸-2022.6.28,,OK,强势股模式
D0419,一个常规交易模式-2022.11.15.docx,.docx,复盘哥工作室知识点（更新到0814）\复盘哥工作室知识点（3）\一个常规交易模式-2022.11.15.docx,2022-11-15,208,一个常规交易模式-2022.11.15,,OK,
D0420,一个节点上的小知识点-2022.11.9.docx,.docx,复盘哥工作室知识点（更新到0814）\复盘哥工作室知识点（3）\一个节点上的小知识点-2022.11.9.docx,2022-11-09,141,一个节点上的小知识点-2022.11.9,,OK,
D0421,一个量化交易原则-2022.11.17.docx,.docx,复盘哥工作室知识点（更新到0814）\复盘哥工作室知识点（3）\一个量化交易原则-2022.11.17.docx,2022-11-17,149,一个量化交易原则-2022.11.17,,OK,
D0422,一种选股思路-2022.10.26.docx,.docx,复盘哥工作室知识点（更新到0814）\复盘哥工作室知识点（3）\一种选股思路-2022.10.26.docx,2022-10-26,250,一种选股思路-2022.10.26,,OK,
D0423,一类反核票的低吸机会-2022.11.17.docx,.docx,复盘哥工作室知识点（更新到0814）\复盘哥工作室知识点（3）\一类反核票的低吸机会-2022.11.17.docx,2022-11-17,155,一类反核票的低吸机会-2022.11.17,,OK,强势股模式
D0424,一类跟指数共振的非主线独立标的-2022.11.17.docx,.docx,复盘哥工作室知识点（更新到0814）\复盘哥工作室知识点（3）\一类跟指数共振的非主线独立标的-2022.11.17.docx,2022-11-17,274,一类跟指数共振的非主线独立标的-2022.11.17,,OK,
D0425,三位一体分析安图生物-2022.10.18.docx,.docx,复盘哥工作室知识点（更新到0814）\复盘哥工作室知识点（3）\三位一体分析安图生物-2022.10.18.docx,2022-10-18,204,三位一体分析安图生物-2022.10.18,,OK,
D0426,与大家共勉的人生赠言-2022.11.21.docx,.docx,复盘哥工作室知识点（更新到0814）\复盘哥工作室知识点（3）\与大家共勉的人生赠言-2022.11.21.docx,2022-11-21,335,与大家共勉的人生赠言-2022.11.21,,OK,
D0427,两类反核盘口-2022.12.22.docx,.docx,复盘哥工作室知识点（更新到0814）\复盘哥工作室知识点（3）\两类反核盘口-2022.12.22.docx,2022-12-22,772,两类反核盘口-2022.12.22,,OK,
D0428,个股成交量与板块情绪的关系-2023.1.4.docx,.docx,复盘哥工作室知识点（更新到0814）\复盘哥工作室知识点（3）\个股成交量与板块情绪的关系-2023.1.4.docx,2023-01-04,292,个股成交量与板块情绪的关系-2023.1.4,,OK,情绪周期
D0429,中长线持股-2022.12.28.docx,.docx,复盘哥工作室知识点（更新到0814）\复盘哥工作室知识点（3）\中长线持股-2022.12.28.docx,2022-12-28,189,中长线持股-2022.12.28,,OK,
D0430,为什么会觉得轮动低吸总找不到节点-2022.12.7.docx,.docx,复盘哥工作室知识点（更新到0814）\复盘哥工作室知识点（3）\为什么会觉得轮动低吸总找不到节点-2022.12.7.docx,2022-12-07,263,为什么会觉得轮动低吸总找不到节点-2022.12.7,,OK,强势股模式
D0431,为什么新手学了接力技术依然不能控制回撤-2022.10.27.docx,.docx,复盘哥工作室知识点（更新到0814）\复盘哥工作室知识点（3）\为什么新手学了接力技术依然不能控制回撤-2022.10.27.docx,2022-10-27,878,为什么新手学了接力技术依然不能控制回撤-2022.10.27,,OK,情绪周期|仓位风控
D0432,为何说，有些票挺强没涨是在等指数-2023.1-2.1.docx,.docx,复盘哥工作室知识点（更新到0814）\复盘哥工作室知识点（3）\为何说，有些票挺强没涨是在等指数-2023.1-2.1.docx,2023-01-02,544,为何说，有些票挺强没涨是在等指数-2023.1-2.1,,OK,
D0433,为啥要买前排-2022.12.7.docx,.docx,复盘哥工作室知识点（更新到0814）\复盘哥工作室知识点（3）\为啥要买前排-2022.12.7.docx,2022-12-07,110,为啥要买前排-2022.12.7,,OK,
D0434,买一只烂板，究竟博弈的是谁-2023.1.31.docx,.docx,复盘哥工作室知识点（更新到0814）\复盘哥工作室知识点（3）\买一只烂板，究竟博弈的是谁-2023.1.31.docx,2023-01-31,322,买一只烂板，究竟博弈的是谁-2023.1.31,,OK,
D0435,买到不温不火的票需要自控-2022.10.20.docx,.docx,复盘哥工作室知识点（更新到0814）\复盘哥工作室知识点（3）\买到不温不火的票需要自控-2022.10.20.docx,2022-10-20,416,买到不温不火的票需要自控-2022.10.20,,OK,
D0436,买板块还是买个股-2022.11.23.docx,.docx,复盘哥工作室知识点（更新到0814）\复盘哥工作室知识点（3）\买板块还是买个股-2022.11.23.docx,2022-11-23,336,买板块还是买个股-2022.11.23,,OK,
D0437,二次绝望要注意选择的位置-2023.1.17.docx,.docx,复盘哥工作室知识点（更新到0814）\复盘哥工作室知识点（3）\二次绝望要注意选择的位置-2023.1.17.docx,2023-01-17,129,二次绝望要注意选择的位置-2023.1.17,,OK,
D0438,交易逻辑一定要有一致性-2023.1.9.docx,.docx,复盘哥工作室知识点（更新到0814）\复盘哥工作室知识点（3）\交易逻辑一定要有一致性-2023.1.9.docx,2023-01-09,191,交易逻辑一定要有一致性-2023.1.9,,OK,
D0439,什么叫前置交易-2022.11.14.docx,.docx,复盘哥工作室知识点（更新到0814）\复盘哥工作室知识点（3）\什么叫前置交易-2022.11.14.docx,2022-11-14,419,什么叫前置交易-2022.11.14,,OK,
D0440,什么叫各自节奏-2023.1.30.docx,.docx,复盘哥工作室知识点（更新到0814）\复盘哥工作室知识点（3）\什么叫各自节奏-2023.1.30.docx,2023-01-30,723,什么叫各自节奏-2023.1.30,,OK,
D0441,什么叫止跌，如何判断止跌-2022.11.2.docx,.docx,复盘哥工作室知识点（更新到0814）\复盘哥工作室知识点（3）\什么叫止跌，如何判断止跌-2022.11.2.docx,2022-11-02,390,什么叫止跌，如何判断止跌-2022.11.2,,OK,
D0442,什么叫超预期-2022.12.27.docx,.docx,复盘哥工作室知识点（更新到0814）\复盘哥工作室知识点（3）\什么叫超预期-2022.12.27.docx,2022-12-27,118,什么叫超预期-2022.12.27,,OK,
D0443,什么样的趋势票可以去做突破，去追着买-2022.11.7.docx,.docx,复盘哥工作室知识点（更新到0814）\复盘哥工作室知识点（3）\什么样的趋势票可以去做突破，去追着买-2022.11.7.docx,2022-11-07,100,什么样的趋势票可以去做突破，去追着买-2022.11.7,,OK,强势股模式
D0444,以数字经济中久远银海为例分析如何半路的逻辑-2022.10.13.docx,.docx,复盘哥工作室知识点（更新到0814）\复盘哥工作室知识点（3）\以数字经济中久远银海为例分析如何半路的逻辑-2022.10.13.docx,2022-10-13,720,以数字经济中久远银海为例分析如何半路的逻辑-2022.10.13,,OK,
D0445,以板块指数为例讲讲地产和消费复苏的模式性机会-2022.11.29.docx,.docx,复盘哥工作室知识点（更新到0814）\复盘哥工作室知识点（3）\以板块指数为例讲讲地产和消费复苏的模式性机会-2022.11.29.docx,2022-11-29,372,以板块指数为例讲讲地产和消费复苏的模式性机会-2022.11.29,,OK,
D0446,以生意宝为例讲解分时走弱的盘口-2022.12.29.docx,.docx,复盘哥工作室知识点（更新到0814）\复盘哥工作室知识点（3）\以生意宝为例讲解分时走弱的盘口-2022.12.29.docx,2022-12-29,214,以生意宝为例讲解分时走弱的盘口-2022.12.29,,OK,
D0447,以竞业达为例理解一下止跌节奏-2022.11.23.docx,.docx,复盘哥工作室知识点（更新到0814）\复盘哥工作室知识点（3）\以竞业达为例理解一下止跌节奏-2022.11.23.docx,2022-11-23,232,以竞业达为例理解一下止跌节奏-2022.11.23,,OK,
D0448,以金属期货为例讲趋势突破后的联动和分析思路-2022.11.9.docx,.docx,复盘哥工作室知识点（更新到0814）\复盘哥工作室知识点（3）\以金属期货为例讲趋势突破后的联动和分析思路-2022.11.9.docx,2022-11-09,378,以金属期货为例讲趋势突破后的联动和分析思路-2022.11.9,,OK,强势股模式
D0449,做一个模式对比-2022.12.7.docx,.docx,复盘哥工作室知识点（更新到0814）\复盘哥工作室知识点（3）\做一个模式对比-2022.12.7.docx,2022-12-07,409,做一个模式对比-2022.12.7,,OK,
D0450,做短线，节点最重要，而非盘面涨跌-2023.1.17.docx,.docx,复盘哥工作室知识点（更新到0814）\复盘哥工作室知识点（3）\做短线，节点最重要，而非盘面涨跌-2023.1.17.docx,2023-01-17,305,做短线，节点最重要，而非盘面涨跌-2023.1.17,,OK,
D0451,做轮动低吸要学会看节点-2023.1.5.docx,.docx,复盘哥工作室知识点（更新到0814）\复盘哥工作室知识点（3）\做轮动低吸要学会看节点-2023.1.5.docx,2023-01-05,313,做轮动低吸要学会看节点-2023.1.5,,OK,强势股模式
D0452,先看板块大势，再看个股细节-2023.1.10.docx,.docx,复盘哥工作室知识点（更新到0814）\复盘哥工作室知识点（3）\先看板块大势，再看个股细节-2023.1.10.docx,2023-01-10,491,先看板块大势，再看个股细节-2023.1.10,,OK,
D0453,兑现还是再看看，如何区分-2023.1.12.docx,.docx,复盘哥工作室知识点（更新到0814）\复盘哥工作室知识点（3）\兑现还是再看看，如何区分-2023.1.12.docx,2023-01-12,127,兑现还是再看看，如何区分-2023.1.12,,OK,
D0454,关于个股审美的横向对比方法-2022.10.19.docx,.docx,复盘哥工作室知识点（更新到0814）\复盘哥工作室知识点（3）\关于个股审美的横向对比方法-2022.10.19.docx,2022-10-19,317,关于个股审美的横向对比方法-2022.10.19,,OK,
D0455,关于买票思路时的本末倒置-2022.10.26.docx,.docx,复盘哥工作室知识点（更新到0814）\复盘哥工作室知识点（3）\关于买票思路时的本末倒置-2022.10.26.docx,2022-10-26,178,关于买票思路时的本末倒置-2022.10.26,,OK,
D0456,关于买调整博弈变盘-2023.1.10.docx,.docx,复盘哥工作室知识点（更新到0814）\复盘哥工作室知识点（3）\关于买调整博弈变盘-2023.1.10.docx,2023-01-10,292,关于买调整博弈变盘-2023.1.10,,OK,
D0457,关于仓位配置-2023.1.6.docx,.docx,复盘哥工作室知识点（更新到0814）\复盘哥工作室知识点（3）\关于仓位配置-2023.1.6.docx,2023-01-06,239,关于仓位配置-2023.1.6,,OK,仓位风控
D0458,关于低吸票如何横向对比-2022.11.7.docx,.docx,复盘哥工作室知识点（更新到0814）\复盘哥工作室知识点（3）\关于低吸票如何横向对比-2022.11.7.docx,2022-11-07,225,关于低吸票如何横向对比-2022.11.7,,OK,强势股模式
D0459,关于卖票时的逻辑分析-2023.1.31.docx,.docx,复盘哥工作室知识点（更新到0814）\复盘哥工作室知识点（3）\关于卖票时的逻辑分析-2023.1.31.docx,2023-01-31,634,关于卖票时的逻辑分析-2023.1.31,,OK,
D0460,关于特停的时间窗口规则-2022.10.21.docx,.docx,复盘哥工作室知识点（更新到0814）\复盘哥工作室知识点（3）\关于特停的时间窗口规则-2022.10.21.docx,2022-10-21,160,关于特停的时间窗口规则-2022.10.21,,OK,
D0461,关于竞价反核和持股的一些事-2022.12.7.docx,.docx,复盘哥工作室知识点（更新到0814）\复盘哥工作室知识点（3）\关于竞价反核和持股的一些事-2022.12.7.docx,2022-12-07,392,关于竞价反核和持股的一些事-2022.12.7,,OK,
D0462,关于竞价反核策略，需要注意哪些？-2023.1.12.docx,.docx,复盘哥工作室知识点（更新到0814）\复盘哥工作室知识点（3）\关于竞价反核策略，需要注意哪些？-2023.1.12.docx,2023-01-12,192,关于竞价反核策略，需要注意哪些？-2023.1.12,,OK,
D0463,关于轮动潜伏-2022.10.27.docx,.docx,复盘哥工作室知识点（更新到0814）\复盘哥工作室知识点（3）\关于轮动潜伏-2022.10.27.docx,2022-10-27,785,关于轮动潜伏-2022.10.27,,OK,
D0464,关于选股审美，超跌的和趋势的怎么选-2022.11.15.docx,.docx,复盘哥工作室知识点（更新到0814）\复盘哥工作室知识点（3）\关于选股审美，超跌的和趋势的怎么选-2022.11.15.docx,2022-11-15,259,关于选股审美，超跌的和趋势的怎么选-2022.11.15,,OK,强势股模式
D0465,关于题材的长逻辑与节奏-2023.1.6.docx,.docx,复盘哥工作室知识点（更新到0814）\复盘哥工作室知识点（3）\关于题材的长逻辑与节奏-2023.1.6.docx,2023-01-06,600,关于题材的长逻辑与节奏-2023.1.6,,OK,
D0466,创业板3板后的大概走法-2023.2.2.docx,.docx,复盘哥工作室知识点（更新到0814）\复盘哥工作室知识点（3）\创业板3板后的大概走法-2023.2.2.docx,2023-02-02,123,创业板3板后的大概走法-2023.2.2,,OK,
D0467,半路交易板块活口的思路-2022.12.20.docx,.docx,复盘哥工作室知识点（更新到0814）\复盘哥工作室知识点（3）\半路交易板块活口的思路-2022.12.20.docx,2022-12-20,635,半路交易板块活口的思路-2022.12.20,,OK,
D0468,半路还是打板-2022.11.16.docx,.docx,复盘哥工作室知识点（更新到0814）\复盘哥工作室知识点（3）\半路还是打板-2022.11.16.docx,2022-11-16,177,半路还是打板-2022.11.16,,OK,
D0469,卖出是锁定-2022.12.1.docx,.docx,复盘哥工作室知识点（更新到0814）\复盘哥工作室知识点（3）\卖出是锁定-2022.12.1.docx,2022-12-01,1755,卖出是锁定-2022.12.1,,OK,
D0470,卡位的理解-2023.2.1.docx,.docx,复盘哥工作室知识点（更新到0814）\复盘哥工作室知识点（3）\卡位的理解-2023.2.1.docx,2023-02-01,123,卡位的理解-2023.2.1,,OK,
D0471,反核盘口的本质-2022.11.22.docx,.docx,复盘哥工作室知识点（更新到0814）\复盘哥工作室知识点（3）\反核盘口的本质-2022.11.22.docx,2022-11-22,781,反核盘口的本质-2022.11.22,,OK,
D0472,同一个股票， 不同的介入节点，对应卖点是不一样的-2023.1.9.docx,.docx,复盘哥工作室知识点（更新到0814）\复盘哥工作室知识点（3）\同一个股票， 不同的介入节点，对应卖点是不一样的-2023.1.9.docx,2023-01-09,579,同一个股票，不同的介入节点，对应卖点是不一样的-2023.1.9,,OK,
D0473,同兴环保的选股思路-2022.10.11.docx,.docx,复盘哥工作室知识点（更新到0814）\复盘哥工作室知识点（3）\同兴环保的选股思路-2022.10.11.docx,2022-10-11,235,同兴环保的选股思路-2022.10.11,,OK,
D0474,同板块横向对比选股，强票和弱票的差异-2022.11.10.docx,.docx,复盘哥工作室知识点（更新到0814）\复盘哥工作室知识点（3）\同板块横向对比选股，强票和弱票的差异-2022.11.10.docx,2022-11-10,374,同板块横向对比选股，强票和弱票的差异-2022.11.10,,OK,
D0475,启动初期，如何选股？-2023.1.10.docx,.docx,复盘哥工作室知识点（更新到0814）\复盘哥工作室知识点（3）\启动初期，如何选股？-2023.1.10.docx,2023-01-10,403,启动初期，如何选股？-2023.1.10,,OK,启动标准
D0476,围绕实益达，聊聊跌停开板要不要跑的分析思路-2022.10.25.docx,.docx,复盘哥工作室知识点（更新到0814）\复盘哥工作室知识点（3）\围绕实益达，聊聊跌停开板要不要跑的分析思路-2022.10.25.docx,2022-10-25,360,围绕实益达，聊聊跌停开板要不要跑的分析思路-2022.10.25,,OK,
D0477,国企重估轮动资金为何选择中国海诚-2022.12.5.docx,.docx,复盘哥工作室知识点（更新到0814）\复盘哥工作室知识点（3）\国企重估轮动资金为何选择中国海诚-2022.12.5.docx,2022-12-05,205,国企重估轮动资金为何选择中国海诚-2022.12.5,,OK,
D0478,基于账户管理去尝试波动-2023.1.3.docx,.docx,复盘哥工作室知识点（更新到0814）\复盘哥工作室知识点（3）\基于账户管理去尝试波动-2023.1.3.docx,2023-01-03,1517,基于账户管理去尝试波动-2023.1.3,,OK,仓位风控
D0479,大盘转强可以操作并不是针对某个具体板块-2023.1.3.docx,.docx,复盘哥工作室知识点（更新到0814）\复盘哥工作室知识点（3）\大盘转强可以操作并不是针对某个具体板块-2023.1.3.docx,2023-01-03,484,大盘转强可以操作并不是针对某个具体板块-2023.1.3,,OK,
D0480,如何找潜在抱团票-2023.2.1.docx,.docx,复盘哥工作室知识点（更新到0814）\复盘哥工作室知识点（3）\如何找潜在抱团票-2023.2.1.docx,2023-02-01,231,如何找潜在抱团票-2023.2.1,,OK,
D0481,如何看调整强弱-2022.10.27.docx,.docx,复盘哥工作室知识点（更新到0814）\复盘哥工作室知识点（3）\如何看调整强弱-2022.10.27.docx,2022-10-27,322,如何看调整强弱-2022.10.27,,OK,
D0482,如何衡量个股走的是加速-2022.10.21.docx,.docx,复盘哥工作室知识点（更新到0814）\复盘哥工作室知识点（3）\如何衡量个股走的是加速-2022.10.21.docx,2022-10-21,294,如何衡量个股走的是加速-2022.10.21,,OK,
D0483,如何认识川大智胜这类票-2022.11.3.docx,.docx,复盘哥工作室知识点（更新到0814）\复盘哥工作室知识点（3）\如何认识川大智胜这类票-2022.11.3.docx,2022-11-03,391,如何认识川大智胜这类票-2022.11.3,,OK,
D0484,对于账户来说控制回撤比获取收益更重要-2022.12.9.docx,.docx,复盘哥工作室知识点（更新到0814）\复盘哥工作室知识点（3）\对于账户来说控制回撤比获取收益更重要-2022.12.9.docx,2022-12-09,253,对于账户来说控制回撤比获取收益更重要-2022.12.9,,OK,仓位风控
D0485,已经走出强趋势的票该怎么参与-2023.1.6.docx,.docx,复盘哥工作室知识点（更新到0814）\复盘哥工作室知识点（3）\已经走出强趋势的票该怎么参与-2023.1.6.docx,2023-01-06,1016,已经走出强趋势的票该怎么参与-2023.1.6,,OK,强势股模式
D0486,市场整体情绪转好时候的一个头铁玩法-2022.11.30.docx,.docx,复盘哥工作室知识点（更新到0814）\复盘哥工作室知识点（3）\市场整体情绪转好时候的一个头铁玩法-2022.11.30.docx,2022-11-30,846,市场整体情绪转好时候的一个头铁玩法-2022.11.30,,OK,情绪周期
D0487,市场普反整体很好时一个比较好有的模式-2023.2.2.docx,.docx,复盘哥工作室知识点（更新到0814）\复盘哥工作室知识点（3）\市场普反整体很好时一个比较好有的模式-2023.2.2.docx,2023-02-02,698,市场普反整体很好时一个比较好有的模式-2023.2.2,,OK,
D0488,市场走弱去抄底要多考虑个股的节点问题-2022.11.23.docx,.docx,复盘哥工作室知识点（更新到0814）\复盘哥工作室知识点（3）\市场走弱去抄底要多考虑个股的节点问题-2022.11.23.docx,2022-11-23,531,市场走弱去抄底要多考虑个股的节点问题-2022.11.23,,OK,
D0489,弱的尽头，才有低吸的机会-2022.11.15.docx,.docx,复盘哥工作室知识点（更新到0814）\复盘哥工作室知识点（3）\弱的尽头，才有低吸的机会-2022.11.15.docx,2022-11-15,365,弱的尽头，才有低吸的机会-2022.11.15,,OK,强势股模式
D0490,强势板块中辨识度个股低吸买点-2022.11.21.docx,.docx,复盘哥工作室知识点（更新到0814）\复盘哥工作室知识点（3）\强势板块中辨识度个股低吸买点-2022.11.21.docx,2022-11-21,205,强势板块中辨识度个股低吸买点-2022.11.21,,OK,强势股模式
D0491,强板块强趋势个股的首次分歧低吸模式的三个小案例-2023.2.1.docx,.docx,复盘哥工作室知识点（更新到0814）\复盘哥工作室知识点（3）\强板块强趋势个股的首次分歧低吸模式的三个小案例-2023.2.1.docx,2023-02-01,510,强板块强趋势个股的首次分歧低吸模式的三个小案例-2023.2.1,,OK,强势股模式
D0492,强趋势股走弱初期还有反复震荡的机会-2022.11.17.docx,.docx,复盘哥工作室知识点（更新到0814）\复盘哥工作室知识点（3）\强趋势股走弱初期还有反复震荡的机会-2022.11.17.docx,2022-11-17,305,强趋势股走弱初期还有反复震荡的机会-2022.11.17,,OK,强势股模式
D0493,很经典的短线判断轮动预期时的玩法案例-2023.2.2.docx,.docx,复盘哥工作室知识点（更新到0814）\复盘哥工作室知识点（3）\很经典的短线判断轮动预期时的玩法案例-2023.2.2.docx,2023-02-02,717,很经典的短线判断轮动预期时的玩法案例-2023.2.2,,OK,
D0494,情绪分析推导方法-2022.10.28.docx,.docx,复盘哥工作室知识点（更新到0814）\复盘哥工作室知识点（3）\情绪分析推导方法-2022.10.28.docx,2022-10-28,268,情绪分析推导方法-2022.10.28,,OK,情绪周期
D0495,拆解打板生意宝的心态-2022.12.28.docx,.docx,复盘哥工作室知识点（更新到0814）\复盘哥工作室知识点（3）\拆解打板生意宝的心态-2022.12.28.docx,2022-12-28,380,拆解打板生意宝的心态-2022.12.28,,OK,
D0496,择时，以南天信息为例-2022.11.3.docx,.docx,复盘哥工作室知识点（更新到0814）\复盘哥工作室知识点（3）\择时，以南天信息为例-2022.11.3.docx,2022-11-03,215,择时，以南天信息为例-2022.11.3,,OK,
D0497,数字经济资金为什么选择高位抱团，而不去做补涨-2023.1.9.docx,.docx,复盘哥工作室知识点（更新到0814）\复盘哥工作室知识点（3）\数字经济资金为什么选择高位抱团，而不去做补涨-2023.1.9.docx,2023-01-09,508,数字经济资金为什么选择高位抱团，而不去做补涨-2023.1.9,,OK,
D0498,新周期出现前，市场杀高标需要注意什么-2022.12.9.docx,.docx,复盘哥工作室知识点（更新到0814）\复盘哥工作室知识点（3）\新周期出现前，市场杀高标需要注意什么-2022.12.9.docx,2022-12-09,680,新周期出现前，市场杀高标需要注意什么-2022.12.9,,OK,
D0499,机构趋势风格的票不能按照短线止损纪律来做-2023.1.6.docx,.docx,复盘哥工作室知识点（更新到0814）\复盘哥工作室知识点（3）\机构趋势风格的票不能按照短线止损纪律来做-2023.1.6.docx,2023-01-06,318,机构趋势风格的票不能按照短线止损纪律来做-2023.1.6,,OK,强势股模式
D0500,板块有调整迹象时容易出现的时机错配问题-2023.1.30.docx,.docx,复盘哥工作室知识点（更新到0814）\复盘哥工作室知识点（3）\板块有调整迹象时容易出现的时机错配问题-2023.1.30.docx,2023-01-30,380,板块有调整迹象时容易出现的时机错配问题-2023.1.30,,OK,
D0501,板块的节奏-2022.11.17.docx,.docx,复盘哥工作室知识点（更新到0814）\复盘哥工作室知识点（3）\板块的节奏-2022.11.17.docx,2022-11-17,205,板块的节奏-2022.11.17,,OK,
D0502,板块轮动期的策略举例-2022.11.23.docx,.docx,复盘哥工作室知识点（更新到0814）\复盘哥工作室知识点（3）\板块轮动期的策略举例-2022.11.23.docx,2022-11-23,378,板块轮动期的策略举例-2022.11.23,,OK,
D0503,板块轮动避免错误的时间卖票-2022.11.21.docx,.docx,复盘哥工作室知识点（更新到0814）\复盘哥工作室知识点（3）\板块轮动避免错误的时间卖票-2022.11.21.docx,2022-11-21,305,板块轮动避免错误的时间卖票-2022.11.21,,OK,
D0504,板块选股的问题-2022.11.9.docx,.docx,复盘哥工作室知识点（更新到0814）\复盘哥工作室知识点（3）\板块选股的问题-2022.11.9.docx,2022-11-09,264,板块选股的问题-2022.11.9,,OK,
D0505,板块震荡跌就是要抱团活口-2023.1.11.docx,.docx,复盘哥工作室知识点（更新到0814）\复盘哥工作室知识点（3）\板块震荡跌就是要抱团活口-2023.1.11.docx,2023-01-11,514,板块震荡跌就是要抱团活口-2023.1.11,,OK,
D0506,案例分享-2年5倍是怎么做到的-2022.11.11.docx,.docx,复盘哥工作室知识点（更新到0814）\复盘哥工作室知识点（3）\案例分享-2年5倍是怎么做到的-2022.11.11.docx,2022-11-11,1169,案例分享-2年5倍是怎么做到的-2022.11.11,,OK,
D0507,案例分享-一笔亏损交易的反思与总结-2023.1.5.docx,.docx,复盘哥工作室知识点（更新到0814）\复盘哥工作室知识点（3）\案例分享-一笔亏损交易的反思与总结-2023.1.5.docx,2023-01-05,1387,案例分享-一笔亏损交易的反思与总结-2023.1.5,,OK,
D0508,案例分享-关于连板博弈-2022.11.2.docx,.docx,复盘哥工作室知识点（更新到0814）\复盘哥工作室知识点（3）\案例分享-关于连板博弈-2022.11.2.docx,2022-11-02,717,案例分享-关于连板博弈-2022.11.2,,OK,
D0509,案例分享-如何辨别逻辑好不好-2022.11.29.docx,.docx,复盘哥工作室知识点（更新到0814）\复盘哥工作室知识点（3）\案例分享-如何辨别逻辑好不好-2022.11.29.docx,2022-11-29,1757,案例分享-如何辨别逻辑好不好-2022.11.29,,OK,
D0510,案例分享-机构盘口-2023.1.4.docx,.docx,复盘哥工作室知识点（更新到0814）\复盘哥工作室知识点（3）\案例分享-机构盘口-2023.1.4.docx,2023-01-04,806,案例分享-机构盘口-2023.1.4,,OK,
D0511,案例分享-止跌信号-2022.12.9.docx,.docx,复盘哥工作室知识点（更新到0814）\复盘哥工作室知识点（3）\案例分享-止跌信号-2022.12.9.docx,2022-12-09,1081,案例分享-止跌信号-2022.12.9,,OK,
D0512,案例分享-每个模式都有他的不确定性和运气-202211.21.docx,.docx,复盘哥工作室知识点（更新到0814）\复盘哥工作室知识点（3）\案例分享-每个模式都有他的不确定性和运气-202211.21.docx,2022-11-21,712,案例分享-每个模式都有他的不确定性和运气-202211.21,,OK,
D0513,案例分享-谈谈涨停后的预期趋势低吸-2022.11.10.docx,.docx,复盘哥工作室知识点（更新到0814）\复盘哥工作室知识点（3）\案例分享-谈谈涨停后的预期趋势低吸-2022.11.10.docx,2022-11-10,443,案例分享-谈谈涨停后的预期趋势低吸-2022.11.10,,OK,强势股模式
D0514,案例分享-账户控制-2022.12.30.docx,.docx,复盘哥工作室知识点（更新到0814）\复盘哥工作室知识点（3）\案例分享-账户控制-2022.12.30.docx,2022-12-30,775,案例分享-账户控制-2022.12.30,,OK,
D0515,案例分享-账户过山车的原因-2022.11.25.docx,.docx,复盘哥工作室知识点（更新到0814）\复盘哥工作室知识点（3）\案例分享-账户过山车的原因-2022.11.25.docx,2022-11-25,1699,案例分享-账户过山车的原因-2022.11.25,,OK,
D0516,案例分享-轮动节奏-2022.12.5.docx,.docx,复盘哥工作室知识点（更新到0814）\复盘哥工作室知识点（3）\案例分享-轮动节奏-2022.12.5.docx,2022-12-05,1204,案例分享-轮动节奏-2022.12.5,,OK,
D0517,案例分享-连板转趋势后的博弈思路-2023.1.17.docx,.docx,复盘哥工作室知识点（更新到0814）\复盘哥工作室知识点（3）\案例分享-连板转趋势后的博弈思路-2023.1.17.docx,2023-01-17,1244,案例分享-连板转趋势后的博弈思路-2023.1.17,,OK,强势股模式
D0518,案例分享-选择轮动低吸的节点细节思考-2022.11.1.docx,.docx,复盘哥工作室知识点（更新到0814）\复盘哥工作室知识点（3）\案例分享-选择轮动低吸的节点细节思考-2022.11.1.docx,2022-11-01,1087,案例分享-选择轮动低吸的节点细节思考-2022.11.1,,OK,强势股模式
D0519,模式思维&个股思维-2022.10.17.docx,.docx,复盘哥工作室知识点（更新到0814）\复盘哥工作室知识点（3）\模式思维&个股思维-2022.10.17.docx,2022-10-17,317,模式思维&个股思维-2022.10.17,,OK,
D0520,涨停板后博弈趋势变盘的差异-2023.1.5.docx,.docx,复盘哥工作室知识点（更新到0814）\复盘哥工作室知识点（3）\涨停板后博弈趋势变盘的差异-2023.1.5.docx,2023-01-05,560,涨停板后博弈趋势变盘的差异-2023.1.5,,OK,强势股模式
D0521,涨停板后，强的趋势变盘是什么-2023.1.6.docx,.docx,复盘哥工作室知识点（更新到0814）\复盘哥工作室知识点（3）\涨停板后，强的趋势变盘是什么-2023.1.6.docx,2023-01-06,420,涨停板后，强的趋势变盘是什么-2023.1.6,,OK,强势股模式
D0522,潜伏的两种形式-2022.10.24.docx,.docx,复盘哥工作室知识点（更新到0814）\复盘哥工作室知识点（3）\潜伏的两种形式-2022.10.24.docx,2022-10-24,269,潜伏的两种形式-2022.10.24,,OK,
D0523,烂板回封，次日回流预期的案例-2022.12.7.docx,.docx,复盘哥工作室知识点（更新到0814）\复盘哥工作室知识点（3）\烂板回封，次日回流预期的案例-2022.12.7.docx,2022-12-07,418,烂板回封，次日回流预期的案例-2022.12.7,,OK,
D0524,烂板的处理-2023.1.5.docx,.docx,复盘哥工作室知识点（更新到0814）\复盘哥工作室知识点（3）\烂板的处理-2023.1.5.docx,2023-01-05,232,烂板的处理-2023.1.5,,OK,
D0525,用项羽来理解本金的重要性-2022.11.23.docx,.docx,复盘哥工作室知识点（更新到0814）\复盘哥工作室知识点（3）\用项羽来理解本金的重要性-2022.11.23.docx,2022-11-23,446,用项羽来理解本金的重要性-2022.11.23,,OK,
D0526,盘中潜伏和尾盘潜伏的差异-2022.10.31.docx,.docx,复盘哥工作室知识点（更新到0814）\复盘哥工作室知识点（3）\盘中潜伏和尾盘潜伏的差异-2022.10.31.docx,2022-10-31,393,盘中潜伏和尾盘潜伏的差异-2022.10.31,,OK,
D0527,看盘盯异动的小方法-2022.10.28.docx,.docx,复盘哥工作室知识点（更新到0814）\复盘哥工作室知识点（3）\看盘盯异动的小方法-2022.10.28.docx,2022-10-28,113,看盘盯异动的小方法-2022.10.28,,OK,
D0528,看看大资金如何在人气票中做滚动-2023.1.11.docx,.docx,复盘哥工作室知识点（更新到0814）\复盘哥工作室知识点（3）\看看大资金如何在人气票中做滚动-2023.1.11.docx,2023-01-11,313,看看大资金如何在人气票中做滚动-2023.1.11,,OK,
D0529,短线的波动的本质是什么-2023.1.4.docx,.docx,复盘哥工作室知识点（更新到0814）\复盘哥工作室知识点（3）\短线的波动的本质是什么-2023.1.4.docx,2023-01-04,388,短线的波动的本质是什么-2023.1.4,,OK,
D0530,短线，打板止损以及格局的问题-2023.1.5.docx,.docx,复盘哥工作室知识点（更新到0814）\复盘哥工作室知识点（3）\短线，打板止损以及格局的问题-2023.1.5.docx,2023-01-05,335,短线，打板止损以及格局的问题-2023.1.5,,OK,
D0531,竞业达这种强趋势的低吸-2022.10.20.docx,.docx,复盘哥工作室知识点（更新到0814）\复盘哥工作室知识点（3）\竞业达这种强趋势的低吸-2022.10.20.docx,2022-10-20,185,竞业达这种强趋势的低吸-2022.10.20,,OK,强势股模式
D0532,竞价爆量，开盘后回封并带动板块发酵的盘口-2022.12.13.docx,.docx,复盘哥工作室知识点（更新到0814）\复盘哥工作室知识点（3）\竞价爆量，开盘后回封并带动板块发酵的盘口-2022.12.13.docx,2022-12-13,553,竞价爆量，开盘后回封并带动板块发酵的盘口-2022.12.13,,OK,
D0533,竞价若有这种异动，可看情况熬票-2022.10.19.docx,.docx,复盘哥工作室知识点（更新到0814）\复盘哥工作室知识点（3）\竞价若有这种异动，可看情况熬票-2022.10.19.docx,2022-10-19,590,竞价若有这种异动，可看情况熬票-2022.10.19,,OK,
D0534,类似人民网、深振业A这种关注度一致的票，怎么走出来比较好-2022.12.6.docx,.docx,复盘哥工作室知识点（更新到0814）\复盘哥工作室知识点（3）\类似人民网、深振业A这种关注度一致的票，怎么走出来比较好-2022.12.6.docx,2022-12-06,464,类似人民网、深振业A这种关注度一致的票，怎么走出来比较好-2022.12.6,,OK,
D0535,类似医药这种反弹的常规系统化买点-2022.11.24.docx,.docx,复盘哥工作室知识点（更新到0814）\复盘哥工作室知识点（3）\类似医药这种反弹的常规系统化买点-2022.11.24.docx,2022-11-24,256,类似医药这种反弹的常规系统化买点-2022.11.24,,OK,
D0536,结合最近两周的市场谈谈共振-2022.12.12.docx,.docx,复盘哥工作室知识点（更新到0814）\复盘哥工作室知识点（3）\结合最近两周的市场谈谈共振-2022.12.12.docx,2022-12-12,708,结合最近两周的市场谈谈共振-2022.12.12,,OK,
D0537,讨论卖点问题-2022.12.13.docx,.docx,复盘哥工作室知识点（更新到0814）\复盘哥工作室知识点（3）\讨论卖点问题-2022.12.13.docx,2022-12-13,675,讨论卖点问题-2022.12.13,,OK,
D0538,讲解乾景园林、美丽云的盘口-2022.11.25.docx,.docx,复盘哥工作室知识点（更新到0814）\复盘哥工作室知识点（3）\讲解乾景园林、美丽云的盘口-2022.11.25.docx,2022-11-25,1021,讲解乾景园林、美丽云的盘口-2022.11.25,,OK,
D0539,该强不强-2022.11.7.docx,.docx,复盘哥工作室知识点（更新到0814）\复盘哥工作室知识点（3）\该强不强-2022.11.7.docx,2022-11-07,377,该强不强-2022.11.7,,OK,
D0540,调整≠通杀-2022.12.9.docx,.docx,复盘哥工作室知识点（更新到0814）\复盘哥工作室知识点（3）\调整≠通杀-2022.12.9.docx,2022-12-09,256,调整≠通杀-2022.12.9,,OK,
D0541,调整低吸的买点，参考-2022.11.9.docx,.docx,复盘哥工作室知识点（更新到0814）\复盘哥工作室知识点（3）\调整低吸的买点，参考-2022.11.9.docx,2022-11-09,218,调整低吸的买点，参考-2022.11.9,,OK,强势股模式
D0542,账户锁定-2022.12.27.docx,.docx,复盘哥工作室知识点（更新到0814）\复盘哥工作室知识点（3）\账户锁定-2022.12.27.docx,2022-12-27,273,账户锁定-2022.12.27,,OK,
D0543,赛伍技术盘口解析-2022.12.16.docx,.docx,复盘哥工作室知识点（更新到0814）\复盘哥工作室知识点（3）\赛伍技术盘口解析-2022.12.16.docx,2022-12-16,447,赛伍技术盘口解析-2022.12.16,,OK,
D0544,超预期连板带动板块模式-2023.1.10.docx,.docx,复盘哥工作室知识点（更新到0814）\复盘哥工作室知识点（3）\超预期连板带动板块模式-2023.1.10.docx,2023-01-10,557,超预期连板带动板块模式-2023.1.10,,OK,
D0545,趋势新高后的骗突破，为何说二次突破才合适-2022.12.5.docx,.docx,复盘哥工作室知识点（更新到0814）\复盘哥工作室知识点（3）\趋势新高后的骗突破，为何说二次突破才合适-2022.12.5.docx,2022-12-05,448,趋势新高后的骗突破，为何说二次突破才合适-2022.12.5,,OK,强势股模式
D0546,轮动期间的先手优势-2022.11.24.docx,.docx,复盘哥工作室知识点（更新到0814）\复盘哥工作室知识点（3）\轮动期间的先手优势-2022.11.24.docx,2022-11-24,240,轮动期间的先手优势-2022.11.24,,OK,
D0547,轮动阶段，早盘快速拉升的跟风，要谨慎-2022.11.17.docx,.docx,复盘哥工作室知识点（更新到0814）\复盘哥工作室知识点（3）\轮动阶段，早盘快速拉升的跟风，要谨慎-2022.11.17.docx,2022-11-17,200,轮动阶段，早盘快速拉升的跟风，要谨慎-2022.11.17,,OK,
D0548,轻易不要做T-2022.11.16.docx,.docx,复盘哥工作室知识点（更新到0814）\复盘哥工作室知识点（3）\轻易不要做T-2022.11.16.docx,2022-11-16,221,轻易不要做T-2022.11.16,,OK,
D0549,连板公式的应用分析-2022.11.30.docx,.docx,复盘哥工作室知识点（更新到0814）\复盘哥工作室知识点（3）\连板公式的应用分析-2022.11.30.docx,2022-11-30,498,连板公式的应用分析-2022.11.30,,OK,
D0550,通过账户管理来控制交易节奏-2022.11.14.docx,.docx,复盘哥工作室知识点（更新到0814）\复盘哥工作室知识点（3）\通过账户管理来控制交易节奏-2022.11.14.docx,2022-11-14,336,通过账户管理来控制交易节奏-2022.11.14,,OK,仓位风控
D0551,遇到生意宝这类走势如何处理-2022.12.23.docx,.docx,复盘哥工作室知识点（更新到0814）\复盘哥工作室知识点（3）\遇到生意宝这类走势如何处理-2022.12.23.docx,2022-12-23,494,遇到生意宝这类走势如何处理-2022.12.23,,OK,
D0552,遇见低开低走怎么办？时间轴止损-2022.12.8.docx,.docx,复盘哥工作室知识点（更新到0814）\复盘哥工作室知识点（3）\遇见低开低走怎么办？时间轴止损-2022.12.8.docx,2022-12-08,238,遇见低开低走怎么办？时间轴止损-2022.12.8,,OK,
D0553,震荡市最忌讳什么&如何解决-2022.10.27.docx,.docx,复盘哥工作室知识点（更新到0814）\复盘哥工作室知识点（3）\震荡市最忌讳什么&如何解决-2022.10.27.docx,2022-10-27,398,震荡市最忌讳什么&如何解决-2022.10.27,,OK,
D0554,预期和行动的不匹配，会造成很多困扰-2023.1.3.docx,.docx,复盘哥工作室知识点（更新到0814）\复盘哥工作室知识点（3）\预期和行动的不匹配，会造成很多困扰-2023.1.3.docx,2023-01-03,225,预期和行动的不匹配，会造成很多困扰-2023.1.3,,OK,
D0555,套利票如何做以及选择-2022.7.06.docx,.docx,复盘哥工作室知识点（更新到0814）\套利票如何做以及选择-2022.7.06.docx,2022-07-06,266,套利票如何做以及选择-2022.7.06,,OK,
D0556,对前一天个股的处理策略-2022.7.26.docx,.docx,复盘哥工作室知识点（更新到0814）\对前一天个股的处理策略-2022.7.26.docx,2022-07-26,214,对前一天个股的处理策略-2022.7.26,,OK,
D0557,小周期炒作节奏-2022.6.28.docx,.docx,复盘哥工作室知识点（更新到0814）\小周期炒作节奏-2022.6.28.docx,2022-06-28,460,小周期炒作节奏-2022.6.28,,OK,
D0558,弱转强-2022.7.18.docx,.docx,复盘哥工作室知识点（更新到0814）\弱转强-2022.7.18.docx,2022-07-18,451,弱转强-2022.7.18,,OK,强势股模式
D0559,强趋势股从主升转震荡-2022.7.28.docx,.docx,复盘哥工作室知识点（更新到0814）\强趋势股从主升转震荡-2022.7.28.docx,2022-07-28,292,强趋势股从主升转震荡-2022.7.28,,OK,强势股模式
D0560,强转弱是卖点-2022.8.2.docx,.docx,复盘哥工作室知识点（更新到0814）\强转弱是卖点-2022.8.2.docx,2022-08-02,131,强转弱是卖点-2022.8.2,,OK,
D0561,情绪周期-2022.7.1.docx,.docx,复盘哥工作室知识点（更新到0814）\情绪周期-2022.7.1.docx,2022-07-01,963,情绪周期-2022.7.1,,OK,情绪周期
D0562,情绪转折和要转折，做空间板好还是次空间好-2022.8.4.docx,.docx,复盘哥工作室知识点（更新到0814）\情绪转折和要转折，做空间板好还是次空间好-2022.8.4.docx,2022-08-04,433,情绪转折和要转折，做空间板好还是次空间好-2022.8.4,,OK,情绪周期
D0563,情绪转折时的卖点-2022.8.4.docx,.docx,复盘哥工作室知识点（更新到0814）\情绪转折时的卖点-2022.8.4.docx,2022-08-04,168,情绪转折时的卖点-2022.8.4,,OK,情绪周期
D0564,抱团交易节奏-2022.7.27.docx,.docx,复盘哥工作室知识点（更新到0814）\抱团交易节奏-2022.7.27.docx,2022-07-27,282,抱团交易节奏-2022.7.27,,OK,
D0565,指数企稳特征-2022.6.23.docx,.docx,复盘哥工作室知识点（更新到0814）\指数企稳特征-2022.6.23.docx,2022-06-23,28,指数企稳特征-2022.6.23,,OK,
D0566,无催化首板直接一字如何区分强度-2022.7.12.docx,.docx,复盘哥工作室知识点（更新到0814）\无催化首板直接一字如何区分强度-2022.7.12.docx,2022-07-12,192,无催化首板直接一字如何区分强度-2022.7.12,,OK,
D0567,昨日周末课程结合案例解读-2022.8.1.docx,.docx,复盘哥工作室知识点（更新到0814）\昨日周末课程结合案例解读-2022.8.1.docx,2022-08-01,807,昨日周末课程结合案例解读-2022.8.1,,OK,
D0568,暴涨次日情绪分化程度与指数的关系-2022.7.19.docx,.docx,复盘哥工作室知识点（更新到0814）\暴涨次日情绪分化程度与指数的关系-2022.7.19.docx,2022-07-19,238,暴涨次日情绪分化程度与指数的关系-2022.7.19,,OK,情绪周期
D0569,有基本面的题材演绎过程-2022.6.21.docx,.docx,复盘哥工作室知识点（更新到0814）\有基本面的题材演绎过程-2022.6.21.docx,2022-06-21,285,有基本面的题材演绎过程-2022.6.21,,OK,
D0570,有踏空感后如何应对-2022.6.27.docx,.docx,复盘哥工作室知识点（更新到0814）\有踏空感后如何应对-2022.6.27.docx,2022-06-27,508,有踏空感后如何应对-2022.6.27,,OK,
D0571,板块初步高潮之后如何辨别强弱以及参与方式-2022.6.20.docx,.docx,复盘哥工作室知识点（更新到0814）\板块初步高潮之后如何辨别强弱以及参与方式-2022.6.20.docx,2022-06-20,384,板块初步高潮之后如何辨别强弱以及参与方式-2022.6.20,,OK,
D0572,板块加强与高潮的区别-2022.7.1.docx,.docx,复盘哥工作室知识点（更新到0814）\板块加强与高潮的区别-2022.7.1.docx,2022-07-01,73,板块加强与高潮的区别-2022.7.1,,OK,
D0573,板块发酵日的卡位-2022.7.19.docx,.docx,复盘哥工作室知识点（更新到0814）\板块发酵日的卡位-2022.7.19.docx,2022-07-19,635,板块发酵日的卡位-2022.7.19,,OK,
D0574,板块走强初期选股规则-2022.6.28.docx,.docx,复盘哥工作室知识点（更新到0814）\板块走强初期选股规则-2022.6.28.docx,2022-06-28,115,板块走强初期选股规则-2022.6.28,,OK,
D0575,板块轮动，低位首板，如何分析-2022.7.22.docx,.docx,复盘哥工作室知识点（更新到0814）\板块轮动，低位首板，如何分析-2022.7.22.docx,2022-07-22,265,板块轮动，低位首板，如何分析-2022.7.22,,OK,
D0576,止跌低吸，以培育钻石为例-2022.8.12.docx,.docx,复盘哥工作室知识点（更新到0814）\止跌低吸，以培育钻石为例-2022.8.12.docx,2022-08-12,430,止跌低吸，以培育钻石为例-2022.8.12,,OK,强势股模式
D0577,注意这类低位板的坑-2022.7.8.docx,.docx,复盘哥工作室知识点（更新到0814）\注意这类低位板的坑-2022.7.8.docx,2022-07-08,247,注意这类低位板的坑-2022.7.8,,OK,
D0578,活口博弈特征--2022.7.1.docx,.docx,复盘哥工作室知识点（更新到0814）\活口博弈特征--2022.7.1.docx,2022-07-01,288,活口博弈特征--2022.7.1,,OK,
D0579,活跃龙头博弈框架-2022.6.28.docx,.docx,复盘哥工作室知识点（更新到0814）\活跃龙头博弈框架-2022.6.28.docx,2022-06-28,85,活跃龙头博弈框架-2022.6.28,,OK,强势股模式
D0580,深交所异动规则改变-2022.7.14.docx,.docx,复盘哥工作室知识点（更新到0814）\深交所异动规则改变-2022.7.14.docx,2022-07-14,522,深交所异动规则改变-2022.7.14,,OK,
D0581,潜在发酵板块如何选股-2022.7.15.docx,.docx,复盘哥工作室知识点（更新到0814）\潜在发酵板块如何选股-2022.7.15.docx,2022-07-15,276,潜在发酵板块如何选股-2022.7.15,,OK,
D0582,说说交易风格的问题-2022.8.12.docx,.docx,复盘哥工作室知识点（更新到0814）\说说交易风格的问题-2022.8.12.docx,2022-08-12,299,说说交易风格的问题-2022.8.12,,OK,
D0583,课堂学习的目标-2022.7.15.docx,.docx,复盘哥工作室知识点（更新到0814）\课堂学习的目标-2022.7.15.docx,2022-07-15,555,课堂学习的目标-2022.7.15,,OK,
D0584,趋势低吸最怕的是什么-2022.7.11.docx,.docx,复盘哥工作室知识点（更新到0814）\趋势低吸最怕的是什么-2022.7.11.docx,2022-07-11,333,趋势低吸最怕的是什么-2022.7.11,,OK,强势股模式
D0585,趋势板块节奏的问题-2022.7.14.docx,.docx,复盘哥工作室知识点（更新到0814）\趋势板块节奏的问题-2022.7.14.docx,2022-07-14,404,趋势板块节奏的问题-2022.7.14,,OK,强势股模式
D0586,趋势板块调整2、3日后的低吸-2022.7.19.docx,.docx,复盘哥工作室知识点（更新到0814）\趋势板块调整2、3日后的低吸-2022.7.19.docx,2022-07-19,117,趋势板块调整2、3日后的低吸-2022.7.19,,OK,强势股模式
D0587,趋势票箱体低吸案例-2022.7.6.docx,.docx,复盘哥工作室知识点（更新到0814）\趋势票箱体低吸案例-2022.7.6.docx,2022-07-06,107,趋势票箱体低吸案例-2022.7.6,,OK,强势股模式
D0588,趋势票转折特征-2022.6.20.docx,.docx,复盘哥工作室知识点（更新到0814）\趋势票转折特征-2022.6.20.docx,2022-06-20,216,趋势票转折特征-2022.6.20,,OK,强势股模式
D0589,趋势股怎样能做到持有-2022.7.26.docx,.docx,复盘哥工作室知识点（更新到0814）\趋势股怎样能做到持有-2022.7.26.docx,2022-07-26,226,趋势股怎样能做到持有-2022.7.26,,OK,强势股模式
D0590,趋势股调整后的变盘低吸-2022.7.22.docx,.docx,复盘哥工作室知识点（更新到0814）\趋势股调整后的变盘低吸-2022.7.22.docx,2022-07-22,483,趋势股调整后的变盘低吸-2022.7.22,,OK,强势股模式
D0591,趋势股追高如何处理-2022.7.8.docx,.docx,复盘哥工作室知识点（更新到0814）\趋势股追高如何处理-2022.7.8.docx,2022-07-08,221,趋势股追高如何处理-2022.7.8,,OK,强势股模式
D0592,趋势走势上的知识点-2022.7.11.docx,.docx,复盘哥工作室知识点（更新到0814）\趋势走势上的知识点-2022.7.11.docx,2022-07-11,1197,趋势走势上的知识点-2022.7.11,,OK,强势股模式
D0593,跟风助攻需要顺势-2022.7.12.docx,.docx,复盘哥工作室知识点（更新到0814）\跟风助攻需要顺势-2022.7.12.docx,2022-07-12,404,跟风助攻需要顺势-2022.7.12,,OK,
D0594,跟风卡位龙头为什么需要换手-2022.6.24.docx,.docx,复盘哥工作室知识点（更新到0814）\跟风卡位龙头为什么需要换手-2022.6.24.docx,2022-06-24,257,跟风卡位龙头为什么需要换手-2022.6.24,,OK,强势股模式
D0595,连板公式结合案例解读-2022.8.2.docx,.docx,复盘哥工作室知识点（更新到0814）\连板公式结合案例解读-2022.8.2.docx,2022-08-02,475,连板公式结合案例解读-2022.8.2,,OK,
D0596,连板公式结合案例解读-2022.8.3.docx,.docx,复盘哥工作室知识点（更新到0814）\连板公式结合案例解读-2022.8.3.docx,2022-08-03,413,连板公式结合案例解读-2022.8.3,,OK,
D0597,连板梯队的择时和选择-2022.7.28.docx,.docx,复盘哥工作室知识点（更新到0814）\连板梯队的择时和选择-2022.7.28.docx,2022-07-28,361,连板梯队的择时和选择-2022.7.28,,OK,
D0598,连板结构解析-2022.7.11.docx,.docx,复盘哥工作室知识点（更新到0814）\连板结构解析-2022.7.11.docx,2022-07-11,377,连板结构解析-2022.7.11,,OK,
D0599,逻辑审美框架-2022.7.15.docx,.docx,复盘哥工作室知识点（更新到0814）\逻辑审美框架-2022.7.15.docx,2022-07-15,949,逻辑审美框架-2022.7.15,,OK,
D0600,长趋势，强趋势，以及各种买法-2022.8.5.docx,.docx,复盘哥工作室知识点（更新到0814）\长趋势，强趋势，以及各种买法-2022.8.5.docx,2022-08-05,375,长趋势，强趋势，以及各种买法-2022.8.5,,OK,强势股模式
D0601,长逻辑与短期交易之间的关系-2022.7.7.docx,.docx,复盘哥工作室知识点（更新到0814）\长逻辑与短期交易之间的关系-2022.7.7.docx,2022-07-07,726,长逻辑与短期交易之间的关系-2022.7.7,,OK,
D0602,长逻辑板块止跌低吸-2022.6.22.docx,.docx,复盘哥工作室知识点（更新到0814）\长逻辑板块止跌低吸-2022.6.22.docx,2022-06-22,194,长逻辑板块止跌低吸-2022.6.22,,OK,强势股模式
D0603,长逻辑板块趋于结束特征-2022.6.20.docx,.docx,复盘哥工作室知识点（更新到0814）\长逻辑板块趋于结束特征-2022.6.20.docx,2022-06-20,132,长逻辑板块趋于结束特征-2022.6.20,,OK,
D0604,题材的挖掘以及参与节点-2022.7.13.docx,.docx,复盘哥工作室知识点（更新到0814）\题材的挖掘以及参与节点-2022.7.13.docx,2022-07-13,1360,题材的挖掘以及参与节点-2022.7.13,,OK,
D0605,龙一龙二的共生与博弈-2022.7.12.docx,.docx,复盘哥工作室知识点（更新到0814）\龙一龙二的共生与博弈-2022.7.12.docx,2022-07-12,311,龙一龙二的共生与博弈-2022.7.12,,OK,
D0606,龙头战法的精髓-2022.7.29.docx,.docx,复盘哥工作室知识点（更新到0814）\龙头战法的精髓-2022.7.29.docx,2022-07-29,214,龙头战法的精髓-2022.7.29,,OK,强势股模式
D0607,龙头的明显都是滞后性的-2022.6.28.docx,.docx,复盘哥工作室知识点（更新到0814）\龙头的明显都是滞后性的-2022.6.28.docx,2022-06-28,195,龙头的明显都是滞后性的-2022.6.28,,OK,强势股模式
D0608,强势股的低吸和追涨.docx,.docx,强势股的低吸和追涨.docx,,1182,强势股的低吸和追涨,,OK,强势股模式
D0609,情绪周期.docx,.docx,情绪周期.docx,,0,情绪周期,,OK,情绪周期
D0610,板块推演术.docx,.docx,板块推演术.docx,,5112,板块推演术,,OK,
D0611,满仓单调--交易体系探讨.docx,.docx,满仓单调--交易体系探讨.docx,,1433,满仓单调--交易体系探讨,,OK,仓位风控
D0612,稳定盈利训练手册 （20221230）PDF.pdf,.pdf,稳定盈利训练手册 （20221230）PDF.pdf,2022-12-30,19963,稳定盈利训练手册PDF,,OK,
D0613,第十节：基于产业链轮动的预判低吸.docx,.docx,第十节：基于产业链轮动的预判低吸.docx,,4715,第十节：基于产业链轮动的预判低吸,,OK,强势股模式
D0614,一板次日的集合竞价成交量.pdf,.pdf,重要多读\一板次日的集合竞价成交量.pdf,2017-11-25,4311,一板次日的集合竞价成交量,,OK,
D0615,如何卖在分时高点.pdf,.pdf,重要多读\如何卖在分时高点.pdf,2017-09-02,7218,如何卖在分时高点,,OK,
D0616,如何在涨停潮次日辨别题材持续性.pdf,.pdf,重要多读\如何在涨停潮次日辨别题材持续性.pdf,2019-04-13,25534,如何在涨停潮次日辨别题材持续性,,OK,情绪周期|实用指标
D0617,系统的介绍一下弱转强.pdf,.pdf,重要多读\系统的介绍一下弱转强.pdf,2018-07-14,5546,系统的介绍一下弱转强,,OK,强势股模式
D0618,适合普通人的龙头模式 (1).docx,.docx,重要多读\适合普通人的龙头模式 (1).docx,,3853,适合普通人的龙头模式(1),,OK,强势股模式
D0619,量化一下启动标准.docx,.docx,量化一下启动标准.docx,,1838,量化一下启动标准,,OK,启动标准
